shot_id,shot_made_flag
1,0.32422408
8,0.3169262
17,0.6985283
20,0.7323536
33,0.31767052
34,0.37493515
35,0.4381371
36,0.41014072
37,0.6369787
38,0.34962785
45,0.3965222
50,0.27603045
55,0.33574888
60,0.36043453
66,0.30942655
67,0.30721256
71,0.3588323
80,0.27820292
85,0.31546098
86,0.6181826
95,0.6010635
104,0.36195636
113,0.32921222
123,0.29283884
126,0.7725217
133,0.6406794
141,0.27319968
144,0.3636871
150,0.7481493
152,0.3761388
153,0.73143196
156,0.44598943
159,0.9208459
165,0.6417022
172,0.38315967
182,0.9152482
192,0.34363103
193,0.73713917
196,0.31726858
202,0.30645722
210,0.34556392
211,0.33644256
228,0.95083946
257,0.38950905
260,0.3839168
264,0.3815714
267,0.61876714
279,0.9238048
282,0.37305996
293,0.3231156
299,0.757133
300,0.6390193
301,0.75126505
317,0.33932722
327,0.36662787
328,0.30371702
335,0.40752503
346,0.74624574
348,0.3169262
365,0.3655429
390,0.7153613
391,0.7153613
392,0.7390605
397,0.37321496
418,0.3464776
428,0.16577789
434,0.60572815
439,0.4163356
440,0.371195
456,0.36356992
459,0.32422408
472,0.3815714
480,0.28227192
491,0.3574106
497,0.3815714
509,0.37044498
511,0.40039384
523,0.16784586
533,0.36575308
544,0.38284412
546,0.33611357
555,0.69900364
558,0.35842213
560,0.3204787
573,0.30645722
591,0.37300068
596,0.30942655
597,0.35544792
601,0.6002249
605,0.38950905
617,0.3242857
628,0.26818243
634,0.3257397
646,0.3029924
649,0.3528312
651,0.71789145
654,0.83612823
656,0.40656948
657,0.37493515
669,0.32981452
670,0.9222851
693,0.6022231
694,0.28738907
699,0.37832192
711,0.34015822
718,0.32422408
722,0.32694548
723,0.37295234
725,0.6320222
734,0.32422408
735,0.40752503
737,0.7508565
746,0.3169262
747,0.6501983
766,0.3347638
767,0.30903766
771,0.28739506
773,0.2934969
774,0.3815714
783,0.31300524
784,0.36146182
789,0.30645722
792,0.38961032
804,0.32921222
809,0.33882174
812,0.321403
813,0.37913364
817,0.3242857
820,0.31554058
825,0.33644256
826,0.33914185
829,0.33215937
855,0.395118
859,0.7320321
862,0.39001626
870,0.36316797
876,0.32422408
880,0.33034027
886,0.9642165
889,0.77774286
891,0.40236968
897,0.9642956
902,0.3472793
903,0.32422408
908,0.34133604
909,0.35863405
920,0.3275825
922,0.38950905
924,0.61966634
932,0.3515752
934,0.3649367
937,0.34163213
941,0.32470548
943,0.33838388
950,0.38221374
952,0.287191
954,0.92810917
963,0.30290747
975,0.3494016
979,0.3647583
981,0.37305996
983,0.18189888
985,0.42184904
989,0.4257441
995,0.38950905
998,0.3906739
1008,0.2969819
1019,0.6489038
1023,0.3798179
1026,0.33535615
1029,0.642965
1034,0.7474695
1036,0.62807465
1038,0.30728278
1039,0.59261495
1051,0.45514864
1052,0.3078166
1066,0.3235333
1087,0.28657913
1092,0.19436295
1094,0.72248733
1098,0.38443372
1099,0.36582273
1102,0.39426953
1118,0.3360508
1131,0.32422408
1133,0.73713917
1135,0.9221283
1138,0.40780836
1139,0.85136914
1142,0.39426953
1151,0.37720624
1152,0.35863405
1155,0.7024135
1165,0.34605753
1167,0.9493391
1172,0.38461035
1174,0.6645908
1180,0.4163356
1200,0.35932785
1202,0.33160728
1227,0.61805713
1228,0.6296396
1229,0.3357613
1237,0.40752503
1241,0.38081312
1256,0.30604675
1279,0.3815714
1293,0.3305196
1295,0.33263746
1319,0.7481493
1320,0.3815714
1321,0.76599365
1322,0.63580453
1334,0.2432724
1351,0.6268402
1373,0.31919262
1375,0.3036442
1380,0.4107266
1382,0.6966294
1385,0.5307018
1399,0.3545083
1403,0.9222851
1428,0.31368527
1434,0.3266452
1444,0.9306726
1448,0.33894134
1466,0.77774286
1476,0.35970116
1478,0.34669456
1485,0.32861617
1491,0.7260832
1494,0.6323895
1500,0.40184432
1501,0.6506835
1503,0.38443372
1519,0.6555371
1524,0.36711594
1529,0.74624574
1533,0.62900186
1538,0.9646716
1539,0.3453485
1546,0.40780836
1555,0.336489
1559,0.36705926
1563,0.67369336
1565,0.7482736
1574,0.35307655
1591,0.3199754
1594,0.31362474
1605,0.2849208
1611,0.3815714
1614,0.34335336
1620,0.3369065
1626,0.3026779
1630,0.360184
1632,0.36423036
1634,0.31663805
1643,0.32575423
1651,0.39547956
1655,0.37274748
1658,0.28997242
1659,0.3704641
1665,0.36992288
1675,0.3619937
1680,0.63213503
1690,0.3702314
1696,0.31362474
1714,0.31362474
1721,0.35544792
1726,0.37244147
1728,0.37244147
1734,0.37305996
1735,0.32786533
1740,0.33676037
1744,0.78141916
1747,0.3429316
1752,0.31368527
1763,0.7394267
1765,0.7153613
1769,0.34962785
1785,0.64097077
1787,0.3311979
1788,0.40752503
1793,0.3057582
1800,0.38081312
1825,0.3918753
1826,0.7242904
1834,0.33405155
1843,0.34519014
1844,0.34453362
1848,0.32422408
1849,0.40752503
1860,0.40236968
1863,0.40236968
1875,0.6377325
1883,0.35970116
1890,0.36763245
1892,0.35075402
1893,0.3815714
1897,0.3469829
1905,0.36597392
1908,0.61758053
1931,0.31955415
1940,0.85136914
1943,0.3702314
1947,0.28524083
1965,0.624905
1967,0.38950905
1968,0.38950905
1972,0.71563077
1982,0.29046586
1985,0.30018052
2005,0.76178426
2010,0.7358485
2021,0.3588323
2024,0.7424946
2036,0.36575308
2043,0.6320222
2047,0.6470283
2049,0.35544792
2055,0.2884662
2065,0.3738035
2066,0.31040275
2070,0.31988457
2077,0.9193952
2085,0.687455
2095,0.6675385
2097,0.6369787
2108,0.4163356
2112,0.73053986
2113,0.73713917
2122,0.17165406
2139,0.38081312
2144,0.63978153
2146,0.30387583
2148,0.18293345
2149,0.6374838
2157,0.37210947
2159,0.3311979
2168,0.37305996
2176,0.36405045
2178,0.6103844
2181,0.27547717
2187,0.75524145
2188,0.32422408
2190,0.31362474
2194,0.40184432
2197,0.31955415
2214,0.32143822
2217,0.16882543
2222,0.36911586
2223,0.30604675
2226,0.30903766
2230,0.64146835
2240,0.5389698
2247,0.34229237
2250,0.32422408
2259,0.61312014
2262,0.3815714
2266,0.37300068
2305,0.32008624
2310,0.30714902
2313,0.40184432
2319,0.7652267
2320,0.6878514
2345,0.2969819
2350,0.6424134
2356,0.36606076
2360,0.6508408
2370,0.40229952
2386,0.30942655
2398,0.35564184
2414,0.71684086
2435,0.73143196
2439,0.36956382
2446,0.73143196
2458,0.30604675
2465,0.313226
2466,0.3815714
2470,0.30826822
2495,0.6932799
2501,0.3265788
2507,0.30629945
2533,0.25895268
2537,0.36911586
2538,0.30604675
2541,0.3218305
2542,0.73143196
2544,0.7564404
2554,0.2818398
2555,0.27264124
2565,0.5307018
2575,0.72501445
2586,0.4215437
2588,0.3625695
2594,0.6374838
2617,0.42570025
2618,0.32172328
2623,0.9654665
2631,0.42650917
2640,0.2969819
2642,0.72391844
2647,0.37796915
2663,0.36890632
2664,0.3469829
2676,0.3761388
2680,0.96070266
2681,0.3815714
2691,0.33335885
2693,0.3836134
2695,0.4163356
2704,0.2958861
2708,0.37337303
2709,0.9645007
2717,0.7636795
2722,0.38950905
2728,0.3177455
2732,0.73143196
2743,0.40690702
2752,0.31767052
2757,0.7326
2761,0.3939354
2769,0.30570453
2771,0.36929083
2774,0.35970116
2776,0.3437972
2781,0.32381827
2793,0.34913117
2799,0.33562386
2803,0.30935583
2811,0.3316708
2818,0.34962785
2824,0.4283319
2828,0.7521591
2829,0.37244147
2830,0.3839168
2842,0.7098195
2847,0.64469355
2848,0.30765146
2868,0.32529092
2870,0.3242857
2885,0.17804508
2886,0.38101327
2889,0.6240752
2903,0.37305996
2904,0.7260832
2918,0.757689
2919,0.31425712
2922,0.38950905
2923,0.33201253
2931,0.31955415
2945,0.36356992
2955,0.37305996
2957,0.6424134
2960,0.73713917
2963,0.3162988
2966,0.85136914
2972,0.6939249
2974,0.32208148
2982,0.2969819
2984,0.68411726
3016,0.4163356
3021,0.32288313
3023,0.8437914
3025,0.38950905
3029,0.3090825
3034,0.73143196
3038,0.35544792
3040,0.37493515
3051,0.75126505
3062,0.29420334
3069,0.30064568
3071,0.28603813
3076,0.9293593
3079,0.32097208
3081,0.3169262
3082,0.3815714
3084,0.78008527
3098,0.3852699
3104,0.39664587
3105,0.3383352
3114,0.7378673
3118,0.36993465
3122,0.312464
3132,0.282627
3138,0.37493515
3141,0.38636327
3156,0.6281127
3162,0.7165857
3167,0.34143573
3170,0.33914185
3171,0.27160057
3172,0.32921222
3176,0.9662061
3180,0.33521873
3189,0.29682127
3198,0.33249733
3206,0.38950905
3215,0.4030612
3222,0.6374838
3228,0.35867086
3229,0.3357613
3232,0.20093721
3233,0.28425804
3238,0.35544792
3256,0.37920824
3264,0.61805713
3273,0.38950905
3275,0.6659922
3285,0.5014263
3289,0.303138
3294,0.2899652
3306,0.36792225
3311,0.73143196
3318,0.3701241
3322,0.6323895
3324,0.35544792
3334,0.60798347
3341,0.36298004
3345,0.3044785
3346,0.92736727
3352,0.31047705
3368,0.32983398
3371,0.16323991
3372,0.37493515
3375,0.38950905
3384,0.33882174
3387,0.30055174
3393,0.36575308
3406,0.3815714
3411,0.57769865
3412,0.6918472
3414,0.5640389
3417,0.5958205
3420,0.7481493
3423,0.7481493
3436,0.31300524
3438,0.64146835
3442,0.2958861
3443,0.35970116
3451,0.30645722
3461,0.37796915
3489,0.28394908
3491,0.54902244
3510,0.683463
3515,0.5630971
3527,0.3515562
3530,0.37829018
3540,0.26868513
3582,0.2028481
3604,0.3626267
3605,0.29197314
3609,0.32422408
3624,0.18348691
3628,0.7481493
3630,0.2925476
3641,0.30570278
3642,0.30924806
3648,0.35987782
3650,0.943006
3652,0.91745806
3660,0.3580157
3664,0.2969819
3670,0.33726263
3672,0.37796915
3680,0.37856615
3682,0.9635291
3685,0.6320222
3686,0.3242857
3689,0.3702314
3705,0.3758378
3712,0.29604813
3713,0.32773143
3719,0.30018052
3721,0.31551954
3723,0.71078575
3724,0.27603045
3727,0.28742328
3733,0.5744541
3734,0.3749054
3742,0.3355317
3770,0.17796037
3777,0.3185861
3778,0.331504
3780,0.3004926
3783,0.34832552
3784,0.3448072
3788,0.33738765
3790,0.33738765
3794,0.32248223
3795,0.3815714
3796,0.37039945
3801,0.5992953
3806,0.38950905
3813,0.3815714
3814,0.3815714
3818,0.44598943
3824,0.3847263
3836,0.38302398
3853,0.40060586
3855,0.34204298
3858,0.38368016
3861,0.746749
3866,0.3264435
3870,0.337507
3874,0.96577924
3876,0.30173573
3878,0.30676723
3890,0.3513216
3900,0.9274637
3904,0.34576684
3906,0.3495833
3907,0.33896756
3908,0.3266452
3912,0.38959143
3918,0.94398624
3923,0.94510686
3924,0.36110017
3925,0.29067793
3927,0.6437209
3955,0.9376321
3964,0.37608117
3969,0.33616486
3974,0.71625257
3976,0.37980026
3984,0.29076585
3991,0.3729116
3993,0.9680061
4009,0.3130189
4011,0.38950905
4020,0.3815714
4033,0.35370305
4041,0.36520448
4045,0.8611445
4052,0.36501467
4055,0.34015822
4056,0.3687572
4057,0.3687572
4067,0.9634383
4069,0.38030896
4077,0.32918292
4094,0.3619937
4095,0.34873173
4100,0.38233206
4119,0.35544792
4130,0.63461477
4131,0.3836134
4132,0.5916419
4134,0.6227945
4137,0.9239931
4138,0.37305996
4143,0.30935583
4145,0.36996067
4148,0.33676037
4163,0.18980078
4166,0.3413436
4169,0.7491249
4170,0.37547335
4174,0.39856565
4180,0.35983717
4199,0.9662061
4201,0.3076424
4203,0.35148814
4210,0.040338248
4211,0.3162988
4213,0.93965894
4225,0.3701241
4235,0.3209436
4242,0.31583747
4245,0.31816238
4250,0.3815714
4252,0.3701241
4254,0.36507475
4263,0.3626267
4264,0.3626267
4268,0.32045066
4270,0.3565182
4282,0.7476453
4283,0.36911345
4291,0.3668706
4304,0.3709524
4306,0.32506436
4309,0.3155086
4310,0.3026779
4313,0.3026779
4314,0.32588246
4315,0.3189944
4321,0.3561192
4324,0.32822046
4325,0.33707112
4328,0.32575423
4329,0.32172018
4332,0.34080905
4337,0.32983398
4342,0.36575308
4344,0.37796915
4352,0.36009
4355,0.30737445
4366,0.27852464
4371,0.3545083
4372,0.34363103
4376,0.31869906
4384,0.31816238
4387,0.3273263
4389,0.3701241
4390,0.3479874
4406,0.3361174
4407,0.73986787
4409,0.9673368
4410,0.7481493
4424,0.3702314
4434,0.31813323
4452,0.39387098
4460,0.3472793
4470,0.6555371
4480,0.30826822
4496,0.93965894
4503,0.30408442
4512,0.36911586
4518,0.6475461
4519,0.36277923
4522,0.3169262
4525,0.32720396
4537,0.6366493
4546,0.30387583
4547,0.913306
4553,0.35970116
4556,0.35544792
4558,0.7446529
4563,0.18794742
4568,0.32733774
4574,0.73143196
4578,0.29313076
4587,0.33175156
4592,0.6100498
4610,0.33351353
4615,0.5307018
4619,0.34174204
4620,0.5929345
4625,0.69137317
4635,0.33896476
4636,0.36606076
4641,0.33611357
4650,0.30728278
4653,0.85838896
4665,0.3199754
4668,0.9262794
4669,0.319512
4670,0.32473186
4674,0.3169262
4675,0.3702314
4676,0.29580802
4679,0.2969819
4680,0.919769
4686,0.31751558
4699,0.3724444
4713,0.66035205
4718,0.34143573
4721,0.30942655
4722,0.33914185
4724,0.3311979
4730,0.93771446
4731,0.34962785
4735,0.35585275
4743,0.3260239
4745,0.30018052
4746,0.66473925
4747,0.32064268
4748,0.33963227
4769,0.35970116
4771,0.37210947
4774,0.3176955
4784,0.3220413
4797,0.3379768
4801,0.6366171
4804,0.10725072
4820,0.31602225
4833,0.37039945
4834,0.39274025
4851,0.3242857
4859,0.31952402
4860,0.9394087
4863,0.3790491
4873,0.38961032
4881,0.282627
4892,0.33644256
4908,0.384197
4911,0.30676723
4915,0.28642732
4922,0.3186822
4929,0.37327167
4936,0.37210947
4939,0.3918753
4951,0.31908193
4956,0.33743742
4961,0.3619937
4964,0.306192
4981,0.35970116
4991,0.94387054
4992,0.34913117
4997,0.35863405
5004,0.32644296
5010,0.3357256
5012,0.38443372
5015,0.17200086
5020,0.37300068
5030,0.3437972
5051,0.9673368
5052,0.40236968
5057,0.6424134
5058,0.44040594
5060,0.37295234
5061,0.31683287
5064,0.42003366
5078,0.3952947
5080,0.4381371
5088,0.39426953
5089,0.6296396
5090,0.29496455
5103,0.91723996
5108,0.34363103
5114,0.33129406
5115,0.36010814
5124,0.6939249
5137,0.40752503
5139,0.3316708
5144,0.32146645
5149,0.7980041
5157,0.336489
5163,0.2925476
5174,0.33302975
5176,0.4163356
5179,0.30408442
5186,0.44219804
5203,0.740135
5204,0.7394267
5206,0.2958861
5207,0.6501388
5220,0.37305996
5221,0.73143196
5224,0.35987782
5227,0.28050604
5229,0.2958861
5232,0.65626806
5240,0.6555371
5242,0.61876714
5243,0.31362474
5245,0.654578
5248,0.40236968
5249,0.30157256
5254,0.3169262
5269,0.36937496
5272,0.37110057
5276,0.35370305
5286,0.73713917
5290,0.31955415
5308,0.3578091
5316,0.3649367
5318,0.3939354
5319,0.35180992
5320,0.613393
5322,0.34556392
5324,0.28501853
5331,0.6690971
5336,0.9680393
5344,0.3770128
5354,0.33521873
5356,0.041371528
5358,0.30942655
5361,0.37295234
5365,0.6293108
5370,0.5630097
5376,0.35509765
5383,0.371195
5384,0.3456112
5385,0.35970116
5393,0.7567975
5397,0.32795152
5398,0.35195252
5402,0.3430244
5407,0.7267336
5409,0.3701241
5425,0.39518777
5428,0.6344267
5430,0.36316797
5442,0.3528312
5447,0.40752503
5470,0.35585275
5485,0.3322981
5493,0.31907922
5502,0.60696584
5504,0.3649367
5517,0.29601476
5522,0.36080438
5527,0.73297256
5528,0.30935583
5536,0.57703227
5545,0.30645722
5576,0.3316708
5577,0.32422408
5592,0.312464
5594,0.303138
5595,0.35970116
5596,0.32921222
5599,0.38950905
5606,0.40236968
5617,0.33506045
5625,0.7079158
5626,0.3162988
5627,0.6475461
5642,0.62266564
5659,0.95915157
5664,0.64146835
5666,0.7079158
5671,0.31907934
5674,0.35970116
5677,0.6399275
5681,0.32814935
5683,0.030455591
5700,0.39964828
5713,0.4163356
5715,0.4163356
5718,0.3627207
5726,0.5876462
5738,0.36508018
5741,0.7218721
5743,0.78297144
5753,0.37726045
5761,0.3132695
5789,0.7241638
5797,0.38251042
5803,0.32422408
5810,0.4163356
5813,0.3733008
5817,0.31956688
5818,0.4087844
5822,0.30857128
5829,0.54699916
5846,0.43319237
5847,0.29908052
5854,0.29654756
5858,0.3885608
5863,0.27314138
5869,0.3265788
5870,0.34687865
5876,0.15863784
5881,0.30548415
5901,0.3124096
5922,0.6319339
5928,0.73652637
5933,0.38738084
5934,0.7481493
5946,0.34587646
5951,0.3217652
5955,0.3359198
5956,0.9239017
5965,0.3361078
5972,0.36303848
5981,0.3169262
5997,0.38762012
6005,0.28737563
6009,0.27718028
6010,0.33236775
6015,0.37044498
6039,0.3029924
6047,0.6281127
6051,0.032140985
6056,0.3701241
6061,0.30796143
6064,0.2770315
6065,0.37796915
6070,0.3429316
6085,0.73143196
6086,0.24110028
6091,0.7521591
6097,0.31955415
6099,0.40236968
6104,0.7260832
6108,0.40236968
6109,0.40236968
6124,0.6478678
6142,0.7176493
6144,0.33232057
6150,0.32242078
6154,0.40752503
6155,0.3572059
6156,0.9680061
6158,0.37044498
6159,0.96726763
6169,0.6475461
6170,0.037703276
6179,0.32984626
6184,0.59567875
6186,0.85136914
6204,0.11496392
6230,0.40780836
6231,0.36711594
6232,0.9219655
6235,0.35987782
6237,0.6293108
6239,0.3456112
6263,0.39141312
6265,0.30313143
6270,0.3805191
6271,0.31856203
6278,0.39141312
6279,0.6424134
6288,0.33242533
6294,0.35970116
6295,0.2969819
6302,0.70968914
6306,0.3515752
6322,0.8557683
6324,0.38443372
6327,0.31976843
6331,0.4163356
6334,0.36195636
6338,0.68411726
6339,0.68411726
6362,0.34881875
6372,0.40236968
6375,0.7537981
6393,0.30321693
6394,0.41262475
6405,0.95818686
6406,0.6204342
6416,0.65430534
6421,0.40236968
6422,0.3057582
6440,0.96062016
6457,0.7394267
6460,0.6168076
6463,0.40992722
6474,0.7252714
6476,0.3619937
6477,0.33866525
6482,0.7481493
6488,0.32981452
6489,0.3191187
6494,0.35544792
6499,0.7136171
6507,0.30602577
6524,0.35474873
6527,0.34538516
6531,0.3182772
6536,0.3939354
6538,0.19863646
6542,0.72444034
6565,0.34275058
6584,0.39426953
6588,0.3702314
6597,0.336489
6603,0.7378673
6609,0.73143196
6613,0.7481493
6622,0.30227822
6630,0.35863405
6637,0.31368527
6639,0.7268169
6640,0.3585181
6646,0.38991278
6647,0.4182213
6648,0.9579225
6669,0.32188752
6680,0.32158685
6681,0.32446682
6684,0.11923567
6693,0.38961032
6694,0.34881887
6704,0.32644296
6706,0.3770128
6710,0.37322852
6713,0.37445095
6718,0.28425804
6732,0.37273687
6737,0.37305996
6739,0.35843408
6742,0.3815714
6746,0.6437699
6753,0.32921222
6771,0.30645722
6784,0.32422408
6790,0.9673368
6795,0.38762012
6807,0.32908583
6808,0.34154502
6818,0.29217383
6823,0.3658305
6830,0.41580474
6831,0.3906739
6832,0.3182123
6836,0.37934247
6846,0.32165536
6850,0.37210947
6854,0.37210947
6868,0.72550684
6876,0.5903161
6877,0.69207895
6881,0.17675355
6882,0.35351732
6884,0.37295234
6886,0.35585275
6901,0.34870934
6910,0.36356992
6913,0.31362474
6914,0.6424134
6918,0.72849137
6930,0.7048099
6941,0.32694548
6944,0.627215
6945,0.34062746
6947,0.40236968
6949,0.7394267
6952,0.43286738
6963,0.632452
6964,0.62900186
6972,0.71563077
6979,0.41526997
6981,0.34294683
6988,0.73143196
6990,0.36711594
6998,0.3372144
7004,0.37295234
7016,0.5640389
7027,0.3849809
7042,0.3429316
7056,0.30018052
7061,0.32422408
7069,0.651432
7071,0.3761388
7088,0.6452221
7099,0.37649485
7108,0.33644256
7121,0.7887277
7125,0.7481493
7136,0.60087764
7149,0.68411726
7150,0.6276444
7151,0.2850376
7167,0.3456112
7177,0.69900364
7178,0.1785451
7183,0.6374771
7186,0.39716592
7190,0.30645722
7201,0.38950905
7202,0.37273687
7207,0.35913762
7213,0.36301726
7224,0.7248782
7225,0.31955415
7233,0.29526392
7239,0.3405136
7246,0.3169262
7248,0.34687865
7261,0.40236968
7264,0.3701241
7266,0.33708987
7274,0.31688175
7279,0.32646483
7293,0.3456112
7315,0.3645542
7322,0.35585275
7326,0.7309616
7341,0.36152533
7363,0.3939354
7365,0.6508878
7371,0.32589275
7377,0.39426953
7393,0.73713917
7405,0.31213993
7410,0.36234134
7434,0.672227
7438,0.33041963
7447,0.7193977
7450,0.7287032
7452,0.3271542
7453,0.3359849
7455,0.34018567
7456,0.39143845
7457,0.9303849
7466,0.41358462
7470,0.7247211
7474,0.33882174
7487,0.57822466
7488,0.4077239
7492,0.7092678
7496,0.36752528
7501,0.6201976
7505,0.48168218
7512,0.32970843
7526,0.5725481
7536,0.63963574
7538,0.6512909
7539,0.38831303
7544,0.74051005
7554,0.594104
7564,0.3431861
7566,0.65824616
7580,0.66237736
7581,0.7730037
7584,0.35640755
7587,0.3416604
7589,0.39878923
7590,0.39878923
7594,0.65258354
7597,0.36135405
7602,0.9367013
7603,0.3377086
7605,0.663049
7609,0.38213375
7613,0.36870015
7619,0.34014216
7625,0.32810962
7626,0.41728756
7636,0.41728756
7639,0.723473
7641,0.364401
7643,0.8553124
7644,0.32273754
7657,0.3821936
7661,0.7772116
7666,0.30124778
7673,0.3661781
7683,0.3837699
7685,0.41039875
7699,0.34600356
7704,0.7082431
7705,0.61689436
7708,0.58971167
7728,0.34688404
7733,0.39169663
7741,0.43168586
7743,0.35041773
7745,0.38521987
7754,0.6785479
7756,0.3301994
7757,0.37847286
7770,0.6530746
7773,0.96745235
7774,0.37933767
7776,0.6563644
7777,0.34181318
7778,0.35172266
7781,0.37584633
7784,0.3479059
7789,0.76265055
7794,0.6171239
7799,0.38409778
7801,0.66494906
7818,0.28950903
7823,0.33413705
7828,0.3986441
7832,0.37933767
7839,0.37889317
7851,0.72118497
7856,0.41039875
7868,0.37020344
7869,0.12170985
7872,0.35854295
7874,0.35643506
7878,0.2987173
7888,0.38156924
7913,0.3378509
7923,0.39367098
7925,0.3837699
7926,0.6035182
7938,0.364401
7942,0.70148146
7945,0.3526174
7954,0.63330364
7963,0.34034118
7969,0.39367098
7970,0.40331176
7977,0.40331176
7981,0.32253
7990,0.29413328
8020,0.60099703
8023,0.36464936
8025,0.58565545
8034,0.40875447
8039,0.39078355
8046,0.3452203
8051,0.32205072
8055,0.36200348
8060,0.37922937
8063,0.37578768
8073,0.9667391
8074,0.36180055
8076,0.69134426
8080,0.33413705
8088,0.32539883
8102,0.55063057
8103,0.4224989
8104,0.4224989
8105,0.32205072
8109,0.32476264
8115,0.41728756
8121,0.6463445
8126,0.35695112
8135,0.76918566
8153,0.63766885
8156,0.27441135
8160,0.7439185
8161,0.38917142
8162,0.3748148
8171,0.3635205
8181,0.36662406
8183,0.37175128
8185,0.30471843
8191,0.9438836
8203,0.2979653
8204,0.6512909
8207,0.6038423
8208,0.38714877
8209,0.6050881
8210,0.33072937
8225,0.36699662
8226,0.34318262
8231,0.62802655
8233,0.17419344
8244,0.72466254
8250,0.38494948
8261,0.40847096
8265,0.3301994
8278,0.38925904
8279,0.36357772
8280,0.32561514
8296,0.71775883
8299,0.38714877
8300,0.34672657
8301,0.34600356
8305,0.39001852
8327,0.39676347
8334,0.3585159
8349,0.31815207
8355,0.33727977
8361,0.32989565
8362,0.3526174
8364,0.3378509
8365,0.3378509
8375,0.37314937
8378,0.6566823
8380,0.33037084
8381,0.36741948
8387,0.38524154
8399,0.7232081
8402,0.95954365
8409,0.38324347
8433,0.6795075
8436,0.39367098
8442,0.3404199
8448,0.3378509
8464,0.37922937
8469,0.61286396
8474,0.5841451
8478,0.40670335
8482,0.3782112
8490,0.18164502
8510,0.34380972
8511,0.3334642
8527,0.307503
8532,0.33117008
8533,0.2969427
8538,0.33227167
8541,0.39225438
8545,0.33749932
8553,0.33567342
8554,0.35372433
8555,0.39033
8569,0.3415661
8586,0.75540364
8593,0.37416512
8600,0.96745235
8606,0.76820934
8607,0.34582865
8611,0.28386414
8613,0.74602133
8618,0.8041963
8630,0.31379142
8637,0.34104708
8650,0.36741948
8652,0.18825124
8661,0.4062009
8669,0.3825097
8673,0.37233475
8674,0.40582418
8678,0.73999614
8682,0.34000728
8688,0.33279675
8689,0.7381214
8695,0.33324483
8698,0.3458666
8703,0.3245186
8709,0.38545847
8716,0.41039875
8723,0.35854295
8737,0.5271608
8753,0.33891398
8773,0.4094936
8774,0.37935272
8778,0.6313864
8786,0.6175165
8794,0.3989962
8795,0.58643293
8800,0.32353336
8804,0.354419
8808,0.36439243
8809,0.34358302
8817,0.3948708
8818,0.33756307
8825,0.34549507
8830,0.36525062
8833,0.38774437
8834,0.33591828
8836,0.37465099
8837,0.3748851
8844,0.37578768
8851,0.37360373
8861,0.9277099
8864,0.33134302
8865,0.39078355
8869,0.30806917
8873,0.7232081
8880,0.781595
8884,0.30080652
8888,0.33576265
8889,0.300143
8891,0.7468449
8893,0.29465127
8897,0.38950983
8905,0.33635223
8910,0.65860283
8918,0.3947187
8939,0.36955628
8940,0.31477895
8941,0.33002916
8944,0.364401
8949,0.30007175
8950,0.34181377
8958,0.7612327
8967,0.75540125
8975,0.6001897
8979,0.3280633
8980,0.3424024
8991,0.34917676
8995,0.30527046
8996,0.362751
8998,0.6900075
9000,0.36981496
9001,0.7339648
9002,0.3416963
9024,0.39878923
9026,0.349246
9027,0.31436238
9034,0.38208497
9038,0.37736517
9050,0.3452203
9052,0.77662134
9054,0.38917142
9078,0.8041963
9097,0.3221121
9109,0.2920888
9112,0.6598993
9115,0.38714877
9125,0.41728756
9132,0.32275385
9136,0.31191257
9139,0.30216852
9140,0.33529648
9142,0.60636574
9143,0.32205072
9147,0.6297843
9159,0.33238548
9165,0.62802655
9172,0.38714877
9177,0.40273038
9179,0.35438138
9185,0.37047926
9196,0.92367536
9201,0.40117478
9209,0.38000745
9210,0.5926298
9212,0.16526084
9214,0.33365387
9240,0.9461016
9241,0.33853003
9244,0.37933767
9249,0.35847086
9250,0.6346441
9255,0.39598253
9258,0.61415744
9263,0.34019387
9266,0.64005107
9269,0.31958413
9272,0.36870015
9276,0.7071168
9290,0.3464602
9299,0.36898577
9303,0.300143
9310,0.17151833
9311,0.35348603
9314,0.32205072
9315,0.74459994
9325,0.40351
9328,0.6063054
9329,0.40390882
9332,0.9587048
9337,0.41728756
9353,0.77760404
9355,0.34517258
9356,0.39724842
9362,0.7553759
9364,0.37818098
9366,0.37818098
9387,0.9340697
9388,0.96854264
9396,0.41903365
9400,0.3310446
9406,0.3849977
9411,0.36460882
9416,0.66567624
9417,0.7593328
9423,0.7665424
9425,0.37866357
9426,0.3863973
9427,0.3355544
9429,0.73899734
9430,0.7815527
9434,0.33846098
9442,0.39878923
9458,0.3225567
9476,0.3479059
9481,0.36782202
9483,0.39162934
9484,0.38602588
9487,0.7343414
9488,0.3275056
9490,0.3706539
9502,0.9299419
9505,0.33324072
9509,0.38522804
9515,0.38156924
9516,0.38955134
9532,0.20070933
9539,0.68211776
9542,0.35870948
9549,0.38211414
9550,0.63248944
9553,0.33507392
9554,0.19117785
9561,0.34961104
9566,0.39022043
9571,0.3795727
9577,0.33891398
9584,0.33413705
9592,0.33019334
9596,0.7468449
9602,0.33202067
9603,0.3783076
9604,0.6690137
9608,0.6690137
9609,0.39878923
9613,0.39367098
9623,0.38031065
9630,0.96854264
9633,0.39367098
9648,0.35854295
9665,0.41453475
9668,0.37861988
9678,0.3795727
9679,0.32387546
9693,0.73899734
9718,0.76356465
9720,0.7509193
9744,0.31816238
9745,0.33096358
9746,0.6904096
9753,0.31530967
9758,0.40184432
9759,0.32694548
9763,0.35970116
9766,0.32351717
9767,0.32681906
9777,0.51814973
9781,0.3652166
9789,0.30323082
9790,0.29444408
9799,0.30548415
9802,0.32921222
9805,0.6550436
9807,0.32694548
9812,0.3191187
9818,0.33236775
9820,0.777189
9822,0.37796915
9824,0.40752503
9834,0.3939354
9836,0.18586399
9847,0.32166135
9864,0.9329856
9869,0.34494334
9875,0.3815714
9880,0.3437972
9889,0.7734621
9894,0.35987782
9909,0.65626806
9915,0.35663983
9919,0.312464
9920,0.76356465
9940,0.7416448
9946,0.67579937
9958,0.777189
9959,0.37273687
9973,0.65579265
9976,0.35883096
9978,0.39716592
9982,0.36827812
9987,0.29494792
9988,0.279188
9992,0.38081312
10000,0.032491665
10002,0.76027197
10005,0.371195
10008,0.30018052
10009,0.35970116
10011,0.2997324
10021,0.3230217
10022,0.74957955
10053,0.30796143
10074,0.3634411
10076,0.37452805
10090,0.36793438
10092,0.20560676
10099,0.38443372
10102,0.3798179
10103,0.3358204
10106,0.39426953
10108,0.6514258
10113,0.73366976
10119,0.29343912
10122,0.3316708
10125,0.31869906
10140,0.32422408
10155,0.29604167
10159,0.37295234
10164,0.3815714
10175,0.38443372
10176,0.6868646
10178,0.36711594
10186,0.40656948
10200,0.2925476
10204,0.40525663
10206,0.3885608
10211,0.37796915
10212,0.40229952
10217,0.36937496
10220,0.4163356
10230,0.4163356
10234,0.30942655
10235,0.35970116
10239,0.34294683
10240,0.336489
10242,0.3266205
10245,0.3196959
10246,0.6103844
10247,0.33958757
10250,0.33035523
10254,0.777189
10257,0.3836134
10260,0.36171862
10261,0.76356465
10265,0.35585275
10273,0.2997324
10274,0.32921222
10277,0.3239293
10289,0.92049956
10290,0.3266493
10298,0.36711594
10301,0.35891375
10304,0.3939354
10305,0.37493515
10313,0.37305996
10320,0.3434904
10323,0.3067398
10328,0.30903766
10332,0.9183611
10336,0.96474606
10343,0.36413673
10348,0.40907502
10350,0.31264538
10351,0.2964465
10354,0.33886793
10372,0.28158084
10373,0.64469475
10380,0.35370305
10383,0.31368527
10396,0.62900186
10397,0.41175294
10399,0.6374838
10400,0.40899545
10401,0.30903766
10402,0.32175627
10403,0.40780836
10410,0.9264285
10412,0.575448
10415,0.28447866
10424,0.36711594
10428,0.3242857
10432,0.36258918
10462,0.3939354
10477,0.32158685
10482,0.34474656
10484,0.37293378
10493,0.35970116
10495,0.336489
10497,0.32401755
10516,0.3556535
10521,0.15815508
10522,0.76006943
10523,0.7450585
10528,0.37547258
10530,0.20199752
10532,0.5692159
10533,0.36285555
10543,0.8504361
10547,0.5717733
10552,0.40229952
10558,0.3062114
10571,0.33963227
10572,0.32921222
10574,0.32045066
10583,0.40690702
10600,0.33676037
10607,0.60087764
10608,0.6275154
10614,0.16043085
10630,0.34083992
10634,0.35405996
10635,0.36763245
10641,0.75516045
10643,0.62463
10644,0.4163356
10648,0.5929345
10669,0.35358533
10675,0.58427083
10686,0.78406763
10704,0.38750002
10707,0.3702925
10722,0.3023619
10736,0.6451285
10764,0.3191187
10767,0.76356465
10776,0.37295234
10779,0.42184904
10781,0.3701241
10792,0.62310153
10797,0.37295234
10798,0.36582273
10801,0.61312014
10802,0.5501897
10805,0.37210947
10808,0.35970116
10810,0.919769
10816,0.3208612
10817,0.35097018
10829,0.64740086
10843,0.32706296
10858,0.39964828
10866,0.3762943
10876,0.3815714
10887,0.29135346
10891,0.3034596
10896,0.38950905
10900,0.6175533
10905,0.2934969
10907,0.3580157
10917,0.3034596
10936,0.39141312
10947,0.3485119
10948,0.6229766
10951,0.3191187
10955,0.33485916
10969,0.37402654
10984,0.35970116
10987,0.33644256
10990,0.3034596
10992,0.34464714
10996,0.37493515
10997,0.38950905
10999,0.3316708
11000,0.66035205
11001,0.38950905
11010,0.40236968
11016,0.40236968
11018,0.7734621
11034,0.923491
11039,0.37037033
11041,0.31955415
11047,0.35585275
11053,0.62463
11055,0.37090918
11056,0.35892683
11065,0.282627
11068,0.62963283
11070,0.34832552
11071,0.63698375
11072,0.37796915
11079,0.4163356
11091,0.35303625
11094,0.29313076
11112,0.40236968
11113,0.3939354
11128,0.27888814
11153,0.6323895
11154,0.14909206
11163,0.35700956
11179,0.30167744
11181,0.26525316
11206,0.16663617
11216,0.3004926
11221,0.36911586
11223,0.75607204
11228,0.74815166
11235,0.3556535
11237,0.39141312
11244,0.27631927
11256,0.38443372
11267,0.3702314
11272,0.6268402
11281,0.3316708
11285,0.31959984
11288,0.4163356
11291,0.3355317
11293,0.3815714
11297,0.3169262
11298,0.2990275
11299,0.38961032
11301,0.30826822
11309,0.64878803
11331,0.32430682
11332,0.3572059
11337,0.38693517
11343,0.8557683
11347,0.3556535
11348,0.6931716
11355,0.9530589
11368,0.32694548
11369,0.6972666
11371,0.7734621
11378,0.6365264
11384,0.3815714
11387,0.3456112
11393,0.3111709
11399,0.37659058
11412,0.76568824
11431,0.3649367
11432,0.3649367
11444,0.92089
11450,0.9657964
11451,0.59407955
11476,0.31169957
11488,0.348615
11495,0.6156019
11505,0.32252547
11508,0.92524153
11518,0.3939354
11522,0.16910684
11524,0.40236968
11533,0.40236968
11549,0.34464714
11551,0.9680061
11560,0.37913364
11563,0.36576396
11565,0.6451285
11567,0.33644256
11569,0.37493515
11598,0.5652014
11604,0.6653015
11611,0.37493515
11617,0.4142492
11626,0.37492806
11642,0.37607935
11643,0.3036442
11648,0.32644296
11651,0.36606076
11663,0.40039384
11666,0.3109094
11685,0.40690702
11686,0.60960954
11698,0.31038603
11708,0.37729242
11711,0.35843408
11718,0.32045066
11742,0.32263133
11761,0.69207895
11767,0.3836134
11768,0.37037033
11775,0.57642734
11779,0.3885608
11786,0.88724774
11790,0.6985283
11791,0.3556445
11796,0.03927341
11806,0.6035109
11810,0.3836134
11811,0.3650279
11814,0.9220708
11816,0.38006046
11820,0.38950905
11822,0.32652226
11829,0.53614724
11832,0.35970116
11834,0.69900364
11836,0.27546042
11837,0.36356992
11844,0.76569057
11847,0.6256466
11864,0.6550436
11865,0.61966634
11872,0.37211177
11873,0.40236968
11886,0.41748688
11894,0.32381827
11905,0.32921222
11906,0.274463
11907,0.32422408
11912,0.36410746
11914,0.6473692
11918,0.38443372
11924,0.39274025
11929,0.92363185
11930,0.37493515
11936,0.33738765
11937,0.37305996
11954,0.40778765
11957,0.30047983
11964,0.2969819
11968,0.24315235
11972,0.4215437
11976,0.38950905
11979,0.19091141
11981,0.37892574
11983,0.3701241
11989,0.25073364
11991,0.39517003
11998,0.35793594
12003,0.3939569
12007,0.37547335
12011,0.6367262
12014,0.32157856
12024,0.40113825
12033,0.36352476
12034,0.34064332
12041,0.33954507
12046,0.40236968
12056,0.31084916
12064,0.36080438
12069,0.3186822
12070,0.34260345
12071,0.35585275
12072,0.3169262
12078,0.34538516
12091,0.64393973
12092,0.40752503
12094,0.34913117
12098,0.3383438
12103,0.35987782
12115,0.6553716
12118,0.40141797
12122,0.54954857
12125,0.9264285
12133,0.33399028
12137,0.4215437
12141,0.3416364
12143,0.3169262
12144,0.73297256
12154,0.36216795
12163,0.35585275
12170,0.6508878
12193,0.32884648
12196,0.3464776
12206,0.3460805
12209,0.38425186
12214,0.35843408
12228,0.34881887
12233,0.5653465
12238,0.3885608
12242,0.29303163
12245,0.6661972
12247,0.3324073
12251,0.37160793
12287,0.3815714
12292,0.7100921
12304,0.36170545
12317,0.6932799
12320,0.68849796
12323,0.73143196
12328,0.3733008
12333,0.7394267
12334,0.30942655
12335,0.6142971
12352,0.41420564
12358,0.3104986
12364,0.34962785
12376,0.28425804
12396,0.3758378
12402,0.9576089
12406,0.32146645
12408,0.3286485
12410,0.919769
12413,0.6173716
12417,0.3316708
12424,0.5738024
12425,0.39426953
12426,0.34312862
12430,0.35843408
12432,0.63169134
12433,0.35585275
12451,0.31750596
12457,0.5670871
12465,0.41580474
12468,0.6175533
12474,0.3701241
12475,0.4163356
12486,0.4163356
12487,0.6312573
12514,0.33914185
12524,0.96474606
12526,0.35843408
12530,0.3701241
12532,0.3169288
12593,0.312464
12599,0.37796915
12600,0.34363103
12603,0.37494618
12624,0.96150255
12630,0.37305996
12638,0.38950905
12641,0.6369787
12643,0.67322457
12656,0.31430194
12666,0.8278198
12673,0.7481493
12675,0.3169262
12678,0.8211971
12692,0.04020745
12693,0.85699075
12707,0.3382308
12711,0.7010908
12716,0.31907922
12717,0.64146835
12723,0.365873
12738,0.33803257
12742,0.3503948
12746,0.3448662
12753,0.3939354
12758,0.35970116
12760,0.3034596
12763,0.33726263
12764,0.33726263
12768,0.36277923
12776,0.30942655
12777,0.35970116
12783,0.8437914
12804,0.29734766
12824,0.37322852
12839,0.31430194
12847,0.3647583
12850,0.9576089
12867,0.7481493
12883,0.32366368
12887,0.3564768
12890,0.30940014
12903,0.60665005
12906,0.32654625
12907,0.26286677
12909,0.3076424
12912,0.32644296
12915,0.33888188
12930,0.73934734
12931,0.6215011
12934,0.6569532
12951,0.36711594
12955,0.3701241
12973,0.40236968
12988,0.36005995
12999,0.36146182
13015,0.6357525
13026,0.64761424
13036,0.35032126
13039,0.3472793
13040,0.32422408
13041,0.5556105
13043,0.9293593
13057,0.29556224
13064,0.35772845
13068,0.73713917
13069,0.647441
13073,0.5893411
13079,0.8345545
13086,0.34556392
13089,0.68411726
13093,0.38750002
13097,0.73297256
13098,0.31955415
13105,0.35987782
13107,0.5952653
13108,0.62139475
13110,0.38755086
13112,0.76560175
13114,0.40039384
13118,0.39563268
13127,0.37273687
13129,0.3653474
13142,0.9618688
13146,0.4047622
13149,0.36531246
13157,0.31199363
13158,0.8227448
13159,0.8160096
13161,0.30047983
13162,0.34954962
13166,0.3290718
13168,0.3556535
13170,0.92540944
13186,0.62963283
13191,0.37295234
13203,0.33644256
13209,0.3316708
13212,0.35181013
13213,0.37044498
13222,0.30935583
13229,0.6481861
13234,0.6340551
13257,0.6489453
13258,0.3701241
13268,0.32694548
13270,0.37305996
13291,0.36171862
13292,0.74269885
13299,0.35544792
13307,0.9645686
13309,0.31022552
13311,0.38950905
13312,0.37295234
13322,0.3649367
13324,0.7481493
13330,0.38187107
13338,0.32252547
13344,0.71025497
13348,0.3664259
13355,0.6313086
13365,0.96070266
13368,0.3479874
13370,0.3918753
13372,0.64387304
13377,0.76804507
13385,0.6313185
13389,0.36356992
13393,0.40752503
13395,0.38081312
13404,0.3169262
13411,0.38672563
13416,0.38443372
13434,0.3836134
13435,0.71330357
13445,0.36374164
13446,0.38755086
13451,0.6293108
13462,0.62249905
13464,0.3275825
13466,0.31688175
13471,0.3653474
13472,0.72230107
13477,0.3434247
13481,0.31971335
13484,0.7377967
13490,0.37321496
13492,0.6876625
13500,0.282627
13508,0.34848917
13516,0.37210947
13525,0.17036943
13526,0.40380874
13530,0.69429713
13532,0.3530228
13538,0.3338514
13546,0.37659058
13548,0.36798126
13550,0.7567975
13551,0.39258745
13564,0.3745642
13566,0.8498893
13570,0.38391975
13580,0.38950905
13585,0.30903766
13588,0.16994917
13592,0.40236968
13594,0.32496992
13609,0.3283274
13610,0.78295946
13613,0.37125278
13625,0.38950905
13626,0.65093064
13639,0.73297256
13645,0.8437914
13647,0.60779595
13648,0.168406
13652,0.6424134
13654,0.73713917
13664,0.40780836
13673,0.3456112
13684,0.31869906
13690,0.35843408
13693,0.3076702
13696,0.30935583
13700,0.7377967
13701,0.30755347
13707,0.6206013
13713,0.30645722
13714,0.31189534
13716,0.63196135
13720,0.28501853
13727,0.38081312
13733,0.39249468
13738,0.313226
13757,0.39274025
13759,0.6336542
13761,0.40184432
13767,0.30371702
13782,0.36356992
13786,0.37547258
13787,0.3836134
13792,0.30645722
13795,0.8207524
13798,0.36929083
13807,0.06425904
13809,0.30833805
13811,0.371195
13815,0.3702314
13817,0.28425804
13818,0.29313076
13822,0.33236775
13824,0.403553
13829,0.3169262
13832,0.92194015
13840,0.60231966
13841,0.59992224
13868,0.3701241
13871,0.9293593
13880,0.36216778
13888,0.7069084
13890,0.7094954
13891,0.38537535
13895,0.35300636
13907,0.2784207
13910,0.7513828
13912,0.73553336
13913,0.3292482
13923,0.75428617
13929,0.38950905
13936,0.3815714
13946,0.282627
13950,0.35078436
13951,0.3266205
13954,0.36575308
13958,0.7964869
13969,0.64457697
13980,0.35682788
13981,0.4163356
13986,0.35970116
13987,0.34556392
13989,0.61316705
13992,0.33726263
13994,0.40184432
14001,0.6524861
14002,0.38950905
14004,0.3545083
14006,0.38081312
14012,0.63580453
14021,0.36514306
14024,0.8278198
14045,0.32921222
14047,0.74222004
14057,0.3758378
14059,0.3339531
14060,0.35370305
14068,0.28189048
14070,0.57182217
14074,0.61312014
14076,0.6320222
14089,0.30245572
14115,0.3827197
14116,0.32815447
14128,0.6829901
14131,0.31106064
14134,0.60171014
14137,0.63622993
14138,0.3649367
14139,0.73297256
14152,0.38750002
14153,0.85838896
14155,0.3907488
14156,0.72230107
14164,0.35780737
14165,0.43697166
14171,0.33389345
14174,0.3437972
14181,0.41748688
14186,0.753038
14192,0.60231966
14201,0.6168797
14210,0.64766973
14214,0.29205564
14231,0.3758378
14236,0.3169262
14241,0.40780836
14245,0.35970116
14249,0.31430194
14251,0.36405045
14262,0.32861617
14265,0.31371057
14267,0.6446973
14270,0.9262794
14276,0.684698
14279,0.66413665
14281,0.3124096
14289,0.32422408
14290,0.32422408
14293,0.65505016
14295,0.6473692
14297,0.388756
14298,0.40236968
14310,0.3312644
14312,0.7394267
14315,0.7153613
14318,0.60862577
14319,0.62562567
14325,0.60696584
14331,0.35654417
14334,0.35032126
14341,0.61301214
14343,0.95731807
14344,0.35454062
14346,0.35674882
14347,0.29261744
14349,0.35187727
14352,0.2914884
14358,0.30325902
14361,0.40060586
14363,0.65912133
14374,0.62612534
14376,0.4215437
14381,0.5811397
14398,0.3434904
14410,0.37431604
14412,0.3395531
14415,0.4190686
14423,0.5882516
14425,0.33583325
14436,0.36615634
14444,0.3346479
14455,0.6475461
14465,0.3405136
14469,0.40236968
14471,0.31450078
14475,0.35504618
14479,0.35372475
14480,0.39274025
14488,0.5952503
14491,0.71563077
14501,0.3580157
14520,0.6951372
14522,0.5807528
14523,0.31264538
14537,0.73053986
14538,0.6148131
14550,0.30408442
14561,0.37295234
14575,0.40752503
14586,0.35970116
14592,0.40752503
14601,0.7879616
14602,0.36711594
14604,0.3815714
14606,0.3191187
14627,0.35585275
14641,0.6124509
14652,0.28350618
14662,0.683463
14665,0.55705035
14673,0.56995773
14675,0.36405045
14679,0.7462882
14683,0.3815714
14686,0.35987782
14705,0.43697166
14708,0.32773143
14709,0.57497954
14710,0.35052195
14715,0.6035109
14717,0.38950905
14723,0.36606076
14725,0.3141236
14727,0.60696584
14728,0.32981452
14735,0.29313076
14746,0.37295234
14752,0.4011757
14757,0.27888814
14762,0.38164404
14763,0.33463353
14797,0.35597858
14812,0.35682788
14818,0.6500841
14825,0.38672563
14827,0.37892574
14829,0.35843408
14830,0.38284412
14837,0.31876695
14849,0.40236968
14863,0.34881887
14869,0.33726263
14882,0.31667754
14884,0.6367343
14886,0.63306534
14888,0.7394267
14890,0.2815009
14904,0.3556535
14938,0.37492806
14952,0.3045183
14958,0.717858
14963,0.36794144
14979,0.33416086
14980,0.35311148
14986,0.5982846
14988,0.38146803
15003,0.34166712
15006,0.64146835
15009,0.96070266
15015,0.6137125
15024,0.38950905
15030,0.6473692
15036,0.3939354
15038,0.6555371
15039,0.40236968
15047,0.77125716
15049,0.32925168
15056,0.9555516
15068,0.32536677
15070,0.35096487
15073,0.29857865
15081,0.36794144
15084,0.30721256
15088,0.9594711
15092,0.29530078
15095,0.35802263
15097,0.36602193
15098,0.32352832
15115,0.64705896
15120,0.73143196
15126,0.32873178
15133,0.6361504
15143,0.3758378
15156,0.3823887
15164,0.27169383
15178,0.39030352
15198,0.73297256
15200,0.77860004
15208,0.037869558
15214,0.33726263
15218,0.82713383
15231,0.35842213
15238,0.36552516
15239,0.36552516
15240,0.3649367
15249,0.33564886
15256,0.3456112
15260,0.63306534
15290,0.40236968
15307,0.96726763
15308,0.6386239
15321,0.7622376
15323,0.6934606
15325,0.3294557
15342,0.6103844
15346,0.37796915
15349,0.3839168
15354,0.38762462
15362,0.3701241
15379,0.31045237
15383,0.3733008
15394,0.32299986
15401,0.60492194
15405,0.37295234
15407,0.36146182
15412,0.5692159
15413,0.61818945
15415,0.6144912
15427,0.6076701
15430,0.5847645
15436,0.59418225
15439,0.2969819
15443,0.3578091
15444,0.7863782
15445,0.74050856
15450,0.35725915
15456,0.6612384
15465,0.3572519
15466,0.30598375
15470,0.31084916
15474,0.6458426
15476,0.3572173
15482,0.31955415
15492,0.36929083
15510,0.56848377
15519,0.37351802
15523,0.1705081
15535,0.6627713
15561,0.9329856
15564,0.6538175
15566,0.31955415
15579,0.35544792
15580,0.6399008
15581,0.35052195
15587,0.365873
15589,0.35949144
15591,0.3722545
15597,0.32465783
15620,0.66047776
15627,0.64515847
15636,0.72008526
15653,0.3357256
15662,0.9264285
15664,0.37211177
15666,0.5692159
15667,0.3136001
15674,0.5978763
15692,0.31450078
15715,0.3364778
15736,0.63698375
15744,0.6845384
15746,0.37321496
15758,0.33774993
15760,0.31955415
15766,0.3218305
15767,0.37305996
15789,0.73143196
15810,0.29599482
15818,0.30889213
15820,0.16468932
15830,0.37459347
15844,0.37706983
15850,0.32679948
15857,0.37295234
15863,0.9571236
15869,0.30363303
15872,0.286856
15873,0.5429764
15884,0.30666667
15885,0.68588376
15891,0.69510037
15898,0.3815714
15900,0.2849208
15932,0.36080438
15940,0.3407495
15944,0.30548415
15945,0.32921222
15963,0.684698
15970,0.30826822
15977,0.3770128
15982,0.3127138
15985,0.3815714
15995,0.37322852
16004,0.30548415
16005,0.37492806
16011,0.31907922
16019,0.6374838
16021,0.33521873
16051,0.66035205
16065,0.39141312
16066,0.30548415
16076,0.39141312
16091,0.33972335
16094,0.40236968
16101,0.31907922
16104,0.71563077
16113,0.72391844
16114,0.62131345
16115,0.72391844
16127,0.5939944
16128,0.36763245
16138,0.6906355
16139,0.6374838
16142,0.34576684
16144,0.5782192
16148,0.7622376
16151,0.38750002
16156,0.6167766
16165,0.61890334
16166,0.33896756
16179,0.7721367
16193,0.6168076
16196,0.5909811
16198,0.38894662
16210,0.636655
16232,0.4239694
16237,0.32124272
16240,0.57537305
16252,0.57078356
16259,0.35348943
16262,0.40236968
16263,0.33611357
16270,0.40752503
16272,0.3545083
16290,0.31817922
16295,0.7443276
16297,0.35970116
16299,0.30053753
16300,0.28603813
16302,0.36028254
16303,0.5534055
16305,0.6023928
16309,0.35870564
16312,0.3709524
16320,0.31546527
16326,0.31362474
16327,0.37295234
16338,0.3407495
16342,0.3464776
16346,0.58217347
16348,0.32956395
16355,0.6010635
16356,0.6087547
16378,0.6596286
16382,0.31368527
16391,0.37796915
16392,0.38950905
16395,0.73143196
16399,0.35585275
16403,0.3701241
16408,0.35544792
16413,0.32422408
16415,0.32422408
16417,0.65045065
16420,0.32088083
16431,0.2969819
16439,0.6263624
16444,0.7469525
16446,0.09991124
16451,0.6433565
16454,0.32013622
16461,0.3680092
16462,0.3847263
16469,0.34901193
16484,0.32307854
16486,0.7404833
16487,0.3649367
16491,0.38950905
16494,0.38081312
16507,0.44060507
16508,0.29213887
16519,0.31155455
16523,0.33141097
16526,0.7458069
16530,0.354577
16532,0.77765137
16542,0.31959984
16550,0.7490714
16555,0.37136102
16558,0.32235348
16567,0.8142815
16576,0.37493515
16579,0.32422408
16595,0.5997975
16598,0.34856623
16600,0.33932722
16604,0.616852
16605,0.69900364
16607,0.7030684
16610,0.38894662
16612,0.9491396
16617,0.63722765
16625,0.7103645
16632,0.45543805
16634,0.6291299
16650,0.32401755
16654,0.38950905
16655,0.38950905
16656,0.3221842
16657,0.5692159
16660,0.55705035
16662,0.40296626
16669,0.32720396
16675,0.715473
16676,0.3272771
16678,0.37295234
16679,0.3761388
16693,0.33468518
16701,0.30857128
16715,0.37273687
16722,0.6294424
16724,0.6251408
16727,0.64065963
16735,0.40737858
16741,0.31864622
16752,0.31038603
16758,0.3545083
16765,0.36171862
16771,0.34881887
16785,0.154107
16793,0.6318927
16800,0.36948267
16805,0.34856623
16809,0.27534604
16820,0.6166362
16827,0.5979958
16830,0.5948539
16843,0.9592395
16847,0.3146034
16855,0.7458069
16860,0.71663433
16862,0.6573821
16863,0.3173515
16872,0.28050604
16874,0.3034596
16876,0.37493515
16893,0.36606076
16895,0.40690702
16914,0.41175294
16917,0.36410746
16926,0.39274025
16930,0.6145267
16931,0.35544792
16932,0.3437972
16934,0.32422408
16937,0.36436507
16941,0.3649367
16942,0.9264285
16957,0.3733008
16962,0.55602896
16967,0.6173526
16968,0.6293108
16972,0.34996668
16974,0.2905155
16984,0.3815714
16987,0.33726263
16994,0.7481493
16995,0.6550551
16999,0.35970116
17034,0.6256324
17038,0.35970116
17040,0.35544792
17050,0.1857207
17068,0.36146182
17077,0.29313076
17079,0.6466688
17082,0.6196067
17085,0.6510747
17087,0.38291845
17099,0.7537981
17105,0.34674266
17108,0.31362474
17110,0.31959984
17111,0.36937496
17123,0.41021279
17124,0.38187107
17130,0.62421554
17138,0.29644838
17143,0.72528684
17157,0.27718028
17160,0.7712932
17166,0.3643379
17167,0.33030042
17179,0.43072537
17180,0.30545896
17189,0.5896846
17197,0.72474295
17219,0.6486125
17223,0.32422408
17225,0.82043076
17229,0.6784514
17234,0.3702314
17235,0.3098678
17239,0.38950905
17242,0.3701241
17243,0.37211177
17246,0.6073048
17247,0.35764712
17255,0.30258068
17258,0.41690674
17260,0.3853254
17264,0.619419
17270,0.36760905
17271,0.3761388
17272,0.37892574
17285,0.31362474
17294,0.31368527
17297,0.3702314
17298,0.61221814
17299,0.3437972
17306,0.30207726
17324,0.34074822
17326,0.31059524
17330,0.34186515
17345,0.39249468
17351,0.71272767
17352,0.32884648
17372,0.31307602
17381,0.58535445
17385,0.6242687
17388,0.27443045
17390,0.60621333
17392,0.8171766
17399,0.2934969
17404,0.36576396
17407,0.27603045
17408,0.39490038
17416,0.64967436
17418,0.36262718
17434,0.72230107
17438,0.7182271
17443,0.6374838
17444,0.3580157
17453,0.39177808
17460,0.6245698
17467,0.3833628
17480,0.37397194
17488,0.7263075
17490,0.34166712
17493,0.3758378
17498,0.35544792
17503,0.31362474
17513,0.33710822
17520,0.71711457
17525,0.5888245
17534,0.34558806
17545,0.37493515
17553,0.3733008
17554,0.35892683
17557,0.31362474
17563,0.63769406
17576,0.3733008
17577,0.36797035
17580,0.74867207
17582,0.33236775
17596,0.3815714
17597,0.3701241
17602,0.7111073
17614,0.58357704
17623,0.56826705
17624,0.6398466
17627,0.6725352
17628,0.37724635
17630,0.329876
17634,0.8429022
17640,0.34881887
17652,0.39220092
17657,0.31463987
17661,0.30645722
17662,0.39426953
17666,0.35998383
17682,0.62617767
17688,0.4242577
17693,0.56928825
17705,0.3815714
17711,0.37493515
17715,0.37547258
17717,0.38443372
17721,0.33302975
17728,0.35509765
17737,0.35150176
17745,0.32861617
17755,0.36575308
17764,0.8165411
17774,0.36911586
17785,0.32040536
17786,0.74111634
17789,0.3708098
17802,0.3719872
17810,0.6665739
17819,0.77757215
17825,0.28657913
17828,0.29890928
17833,0.27349487
17841,0.76414967
17842,0.38950905
17844,0.31000513
17849,0.3798179
17855,0.3733008
17857,0.9259272
17861,0.3613997
17863,0.33726263
17868,0.38762462
17876,0.64252514
17882,0.33644256
17885,0.3503782
17893,0.37892574
17894,0.34833246
17902,0.7840854
17906,0.35148814
17911,0.43697166
17917,0.30628622
17921,0.32422408
17941,0.30548415
17945,0.27366796
17949,0.3169262
17954,0.35180992
17957,0.35544792
17958,0.73749566
17960,0.35544792
17985,0.61275893
18000,0.43697166
18002,0.5811397
18008,0.3196959
18014,0.3653115
18015,0.95819366
18019,0.2892889
18021,0.33496618
18026,0.26836964
18029,0.38755086
18034,0.6641944
18035,0.36774844
18036,0.4187548
18039,0.72474295
18066,0.28807238
18076,0.3839168
18089,0.3098678
18104,0.3217652
18110,0.36942843
18129,0.6144261
18131,0.82123554
18133,0.31189534
18136,0.3412073
18148,0.49681488
18152,0.027497934
18167,0.8180081
18177,0.29288596
18178,0.33733648
18183,0.31514457
18194,0.6663007
18197,0.60231966
18213,0.30811566
18214,0.30024898
18221,0.17708832
18227,0.27820292
18239,0.71563077
18245,0.32381827
18266,0.29328626
18267,0.4218739
18274,0.18312678
18283,0.3316708
18297,0.31495693
18302,0.2631325
18303,0.6031651
18315,0.3800334
18324,0.3750692
18326,0.64257133
18334,0.2761217
18336,0.37273687
18344,0.32694548
18346,0.34736213
18347,0.30047983
18350,0.35561988
18352,0.56157714
18364,0.5404909
18366,0.37273687
18373,0.33549902
18391,0.30942655
18393,0.3225823
18395,0.60567373
18400,0.7359991
18408,0.38443372
18421,0.57467455
18425,0.62880105
18443,0.34312862
18451,0.30472583
18456,0.3815714
18458,0.7182271
18460,0.37210947
18467,0.38601685
18468,0.36333483
18475,0.42738768
18485,0.29622343
18494,0.65273315
18495,0.92500603
18508,0.64252514
18530,0.35970116
18533,0.3412073
18547,0.29054347
18548,0.32549027
18553,0.37210947
18561,0.3516269
18565,0.6489975
18572,0.3416045
18593,0.35462892
18600,0.32473186
18621,0.62871647
18629,0.6968958
18637,0.36262718
18649,0.38439256
18653,0.60960954
18660,0.27106723
18671,0.25836477
18672,0.28756973
18677,0.3248091
18681,0.9264285
18684,0.8557683
18686,0.30935583
18689,0.53429025
18690,0.55278313
18709,0.62917846
18716,0.72432286
18723,0.58586967
18773,0.32200235
18782,0.3842264
18797,0.4738323
18810,0.3449402
18817,0.66035205
18820,0.7312796
18825,0.36277923
18837,0.63315505
18850,0.68762714
18857,0.4571448
18861,0.610928
18867,0.34248376
18870,0.2714928
18877,0.6145623
18887,0.4213411
18898,0.341409
18900,0.6258145
18914,0.6317501
18921,0.40423217
18922,0.7673224
18945,0.33676037
18947,0.6242611
18953,0.56736153
18954,0.3727178
18957,0.5811397
18960,0.7188966
18973,0.17098835
18983,0.41403598
18990,0.28752935
18991,0.30033818
18993,0.34573364
18995,0.30935583
18996,0.31554058
19003,0.28030103
19014,0.38081312
19015,0.36760905
19019,0.67766255
19028,0.3469829
19038,0.42540804
19040,0.4196686
19046,0.33949548
19051,0.3275825
19054,0.9278735
19056,0.38081312
19074,0.29960197
19085,0.6424869
19099,0.8437914
19124,0.30775428
19134,0.6135383
19141,0.16093779
19146,0.6870561
19150,0.31803295
19170,0.34704903
19176,0.36170545
19187,0.36333483
19189,0.3280002
19202,0.65328723
19208,0.35840034
19209,0.34710997
19210,0.73143196
19216,0.35970116
19217,0.28030103
19218,0.59612423
19223,0.33726263
19240,0.29036352
19246,0.43562755
19269,0.403553
19275,0.6478678
19287,0.31885862
19298,0.3836134
19303,0.28361967
19313,0.5547487
19325,0.3464269
19326,0.3649367
19328,0.3733008
19330,0.33104953
19340,0.60844433
19342,0.30999526
19343,0.32786533
19344,0.62260026
19363,0.31131208
19364,0.61737293
19371,0.15995246
19376,0.30076605
19377,0.33440498
19381,0.37445095
19384,0.4428486
19390,0.45938277
19402,0.2938895
19405,0.28711796
19409,0.2539164
19418,0.76599365
19429,0.40899545
19446,0.65627414
19458,0.6524861
19460,0.7820885
19462,0.6500841
19465,0.3389478
19472,0.3843598
19480,0.33792332
19503,0.681686
19507,0.5750153
19517,0.37276608
19533,0.366734
19537,0.30651584
19541,0.34236568
19563,0.32727984
19566,0.65342534
19568,0.40296006
19576,0.3737753
19591,0.38762462
19597,0.65946877
19619,0.57239234
19622,0.7010908
19623,0.36356992
19624,0.3379768
19627,0.37295234
19629,0.32175627
19633,0.35585275
19639,0.34163213
19641,0.2934829
19643,0.3168634
19649,0.31955415
19652,0.6148001
19657,0.38755086
19660,0.7380945
19668,0.9467798
19678,0.35970116
19686,0.6599336
19690,0.3172829
19694,0.3815714
19695,0.31093147
19702,0.6599336
19712,0.3580703
19720,0.7328641
19735,0.700746
19739,0.36476186
19740,0.7024823
19743,0.38537535
19750,0.5606802
19752,0.6727337
19754,0.32983398
19762,0.43643415
19770,0.39426953
19775,0.5480222
19777,0.35081944
19782,0.3357312
19783,0.71574104
19786,0.34885353
19805,0.30604675
19808,0.31924763
19819,0.757689
19821,0.2820894
19827,0.33742607
19830,0.5683467
19832,0.5648463
19833,0.30585906
19834,0.3649367
19843,0.35544792
19844,0.35544792
19846,0.32413316
19847,0.30158296
19850,0.6932799
19851,0.38795498
19861,0.76613224
19873,0.42750525
19878,0.35884902
19886,0.3163169
19892,0.67714274
19901,0.30567572
19902,0.4135835
19920,0.73026896
19921,0.3286485
19922,0.30684286
19929,0.7378673
19932,0.3888309
19935,0.37962833
19936,0.6612162
19946,0.7153613
19950,0.35624427
19952,0.63461477
19955,0.4078334
19976,0.3098678
19983,0.6200506
19987,0.32921222
19991,0.6750029
19996,0.6579718
20007,0.70919544
20015,0.403553
20019,0.39716592
20023,0.37305996
20034,0.35970116
20036,0.37210947
20038,0.37796915
20039,0.40229952
20040,0.8251412
20045,0.39458698
20046,0.6330247
20048,0.3815714
20060,0.39784673
20068,0.21447264
20074,0.73143196
20111,0.3221842
20117,0.3701241
20125,0.30714902
20129,0.6285038
20134,0.27743992
20135,0.2432724
20139,0.34768367
20142,0.39271867
20147,0.6783309
20154,0.71099836
20157,0.32272285
20169,0.22214328
20179,0.31038603
20202,0.31316805
20207,0.42397112
20215,0.3733008
20216,0.64044404
20217,0.66035205
20218,0.66035205
20219,0.6493226
20226,0.33611357
20236,0.35842213
20239,0.3688673
20246,0.3649367
20247,0.3169262
20253,0.64463985
20255,0.31447154
20268,0.32511497
20270,0.71563077
20271,0.29602176
20279,0.61500806
20282,0.72391844
20295,0.3735151
20302,0.4177914
20305,0.61785656
20306,0.613469
20308,0.35780507
20330,0.6895566
20335,0.4257441
20344,0.2943643
20349,0.8537977
20360,0.3360508
20362,0.74462956
20378,0.64275384
20394,0.35682788
20397,0.7073622
20403,0.31546098
20405,0.67117274
20415,0.3124096
20417,0.32773143
20420,0.3168634
20425,0.44224223
20430,0.6229766
20435,0.61818945
20443,0.6389314
20446,0.44224223
20458,0.3815714
20459,0.6288128
20467,0.3036442
20470,0.72134846
20482,0.62624824
20489,0.62139475
20495,0.3687839
20496,0.37718377
20497,0.6575896
20505,0.403509
20509,0.6249191
20535,0.3790491
20539,0.6985283
20544,0.6509473
20547,0.3702314
20556,0.33574888
20557,0.647441
20575,0.31362474
20577,0.31546098
20596,0.27547717
20597,0.37986702
20602,0.3379768
20603,0.38914868
20609,0.6475461
20618,0.3701241
20621,0.65579265
20628,0.17041215
20634,0.42281494
20637,0.35892683
20641,0.3437972
20642,0.3725877
20647,0.34883973
20655,0.61005104
20656,0.274305
20661,0.31238836
20664,0.69770026
20674,0.7087049
20679,0.7368804
20680,0.3456112
20683,0.8437914
20687,0.40229952
20688,0.9458921
20695,0.371195
20696,0.37103206
20699,0.34881887
20701,0.32045066
20702,0.279188
20704,0.27743992
20721,0.30796143
20725,0.35842213
20731,0.3836134
20741,0.4060537
20742,0.3650279
20753,0.6296396
20756,0.35867086
20769,0.30275285
20771,0.51612616
20774,0.36575308
20777,0.3379768
20781,0.3815714
20797,0.69965225
20808,0.684698
20810,0.6414444
20820,0.6401845
20823,0.9273862
20829,0.9236352
20832,0.3815714
20833,0.34236568
20837,0.35544792
20838,0.27888814
20839,0.33644256
20847,0.38081312
20861,0.34357432
20869,0.9514301
20875,0.3387592
20877,0.4002337
20889,0.31530967
20894,0.73208773
20901,0.6430425
20919,0.31907922
20923,0.36582273
20935,0.78289866
20937,0.3613997
20939,0.92820317
20940,0.33846807
20943,0.3331242
20946,0.78974557
20950,0.64065963
20961,0.72230107
20965,0.3182123
20967,0.43697166
20969,0.3108592
20970,0.37173074
20975,0.6425422
20987,0.6494172
20995,0.642965
20998,0.73143196
21002,0.28887093
21012,0.9619679
21013,0.75052464
21015,0.34838918
21017,0.3545089
21020,0.33532596
21028,0.29147366
21031,0.37796915
21036,0.34833246
21040,0.33761412
21048,0.5874989
21049,0.36267284
21051,0.5880283
21070,0.34395626
21072,0.5888245
21079,0.62570447
21090,0.5988326
21093,0.33118737
21104,0.32163528
21114,0.32307604
21117,0.24801654
21120,0.31431118
21121,0.37797147
21132,0.21263194
21136,0.59933037
21139,0.6031212
21140,0.31333673
21146,0.65012807
21150,0.6560639
21178,0.41191202
21180,0.7250906
21198,0.34553412
21203,0.32983676
21210,0.3379965
21218,0.30759546
21220,0.32645762
21222,0.13093857
21228,0.32027772
21236,0.5737779
21239,0.2966511
21260,0.3379965
21267,0.22312297
21271,0.29111436
21279,0.2783778
21286,0.41304773
21288,0.33458304
21294,0.53847027
21298,0.2618109
21299,0.53901327
21300,0.7120964
21304,0.33927408
21307,0.32993844
21309,0.1330177
21311,0.28550345
21331,0.32006013
21332,0.6794585
21342,0.6113295
21345,0.6669901
21348,0.5904934
21353,0.5461963
21357,0.27287525
21369,0.52817583
21370,0.60537064
21371,0.32645762
21373,0.2886455
21385,0.59466606
21392,0.3164539
21401,0.37213874
21403,0.25334364
21406,0.34543806
21413,0.43018353
21414,0.3922891
21416,0.40071142
21423,0.6892264
21442,0.4373198
21443,0.18568845
21448,0.30161718
21459,0.5684562
21467,0.2956016
21474,0.5423374
21484,0.39946055
21488,0.6728731
21495,0.31170657
21498,0.33016613
21502,0.2923875
21503,0.62118495
21510,0.5823628
21516,0.69214946
21533,0.7120964
21535,0.3379965
21539,0.2788592
21541,0.3318333
21544,0.6305855
21554,0.7724971
21569,0.2963232
21572,0.39611104
21578,0.3379965
21580,0.29437703
21584,0.30094865
21589,0.5446765
21595,0.32983676
21598,0.6491249
21599,0.34837505
21606,0.2917609
21623,0.31372496
21639,0.5739664
21641,0.2650428
21645,0.29783183
21647,0.52103686
21648,0.22806132
21657,0.29604316
21671,0.3323681
21673,0.18177356
21678,0.30062047
21696,0.55996585
21699,0.53752166
21700,0.32904017
21703,0.33285037
21710,0.3379965
21721,0.323041
21727,0.34093198
21728,0.7837868
21731,0.340712
21741,0.29520258
21744,0.80821055
21748,0.32023907
21753,0.29555827
21756,0.34630617
21763,0.34530374
21767,0.27322945
21772,0.6892264
21774,0.3147286
21775,0.6608753
21780,0.58619624
21787,0.5918043
21805,0.2597963
21828,0.23326264
21831,0.25170365
21837,0.24838358
21842,0.29201403
21849,0.26499608
21856,0.55955476
21858,0.28320068
21862,0.21446316
21864,0.26915076
21867,0.31151754
21879,0.24483302
21881,0.22982661
21883,0.2078902
21891,0.5904146
21892,0.28320068
21902,0.24677074
21909,0.26912308
21914,0.22913118
21918,0.24838358
21919,0.24076371
21926,0.25310123
21930,0.5397304
21934,0.58727914
21940,0.2659588
21945,0.22861943
21948,0.7416481
21953,0.24286108
21954,0.1988046
21956,0.49633515
21963,0.637358
21970,0.47577772
21984,0.25366172
21997,0.24655665
21999,0.22861943
22001,0.261143
22002,0.22549707
22010,0.547523
22013,0.29180807
22022,0.2647956
22024,0.2647956
22028,0.2719082
22029,0.61024183
22045,0.261143
22049,0.23142372
22064,0.5897679
22069,0.5739649
22074,0.5144258
22082,0.29093796
22084,0.2631338
22090,0.4349169
22096,0.56395745
22100,0.25442842
22105,0.23499918
22119,0.30279127
22130,0.2871283
22152,0.6366279
22155,0.2770914
22164,0.21381672
22173,0.30825618
22194,0.514157
22209,0.2558354
22217,0.13117422
22220,0.25804946
22222,0.6598612
22244,0.22656076
22245,0.2408446
22250,0.48509768
22256,0.6761358
22261,0.6802713
22264,0.24893749
22270,0.46689534
22279,0.7668544
22280,0.2531291
22284,0.25026584
22288,0.28557715
22293,0.23914321
22297,0.90014964
22307,0.42250955
22310,0.2290529
22319,0.54096717
22324,0.22030747
22326,0.15607518
22327,0.23806746
22329,0.26720524
22331,0.64266694
22340,0.56471854
22342,0.6496165
22347,0.4833427
22351,0.24551123
22357,0.23611285
22361,0.26941866
22371,0.28764075
22373,0.30128184
22391,0.5284357
22404,0.6465963
22409,0.6929043
22411,0.28450713
22428,0.61360383
22436,0.5596959
22444,0.6659611
22445,0.23306982
22451,0.2659588
22463,0.23594502
22464,0.23646238
22467,0.6022177
22472,0.26083317
22485,0.6381915
22497,0.2428993
22504,0.4349169
22508,0.24113286
22516,0.24712655
22522,0.23385958
22527,0.5022999
22543,0.64806354
22549,0.29642364
22551,0.55285513
22557,0.50705475
22562,0.23699965
22567,0.2777577
22572,0.28320068
22575,0.2228247
22578,0.57941467
22579,0.30279127
22580,0.30279127
22581,0.2597963
22591,0.5557101
22593,0.265434
22597,0.27921787
22600,0.4364971
22602,0.47577772
22603,0.4731127
22616,0.54998994
22617,0.25959864
22622,0.4608503
22623,0.2743211
22624,0.6453453
22628,0.26682517
22640,0.24458092
22641,0.27740943
22653,0.5694609
22660,0.22975478
22672,0.51924026
22674,0.27962264
22689,0.51248443
22698,0.24232861
22705,0.61766696
22709,0.7083436
22711,0.27936828
22714,0.7428776
22715,0.2731021
22729,0.47631
22730,0.47338727
22733,0.25442842
22750,0.23631021
22754,0.564781
22756,0.6065807
22758,0.51262146
22767,0.62882346
22768,0.460746
22769,0.4709719
22776,0.23242222
22778,0.2743128
22780,0.5677238
22789,0.56646454
22797,0.54854333
22799,0.6465963
22814,0.27997863
22818,0.28625318
22821,0.5917668
22823,0.510463
22841,0.2568626
22847,0.5512766
22848,0.46258807
22862,0.27065814
22875,0.7615622
22877,0.6292756
22887,0.28336748
22892,0.21298909
22899,0.61977184
22901,0.6133748
22907,0.38443372
22909,0.40780836
22926,0.40833497
22927,0.33456108
22930,0.35731372
22934,0.37305996
22937,0.37295234
22939,0.7153613
22949,0.35970116
22951,0.4163356
22955,0.30491057
22965,0.8504361
22966,0.69900364
22968,0.9662061
22972,0.39141312
22975,0.37492806
22981,0.33415732
22988,0.37492806
22994,0.35878214
22996,0.7333801
23011,0.71684086
23028,0.39141312
23031,0.31177253
23035,0.29303163
23038,0.40236968
23042,0.3706787
23049,0.757689
23051,0.966281
23053,0.32040536
23057,0.7481493
23058,0.40236968
23063,0.38443372
23064,0.35585275
23067,0.31032532
23071,0.38443372
23075,0.3255454
23077,0.73713917
23090,0.3483118
23094,0.4163356
23097,0.33644256
23103,0.3062114
23107,0.7098195
23117,0.33644256
23122,0.34143573
23124,0.2958861
23126,0.3292186
23129,0.72230107
23136,0.40525663
23141,0.32669094
23142,0.40752503
23147,0.33914185
23154,0.40780836
23159,0.30942655
23165,0.38680658
23171,0.7092225
23173,0.09776016
23175,0.35843292
23179,0.92058176
23182,0.7323536
23185,0.3939354
23188,0.3434904
23189,0.35544792
23209,0.31010208
23214,0.3292186
23215,0.35863405
23233,0.3790491
23241,0.39503962
23252,0.3556535
23255,0.3885608
23263,0.29526392
23281,0.3627207
23282,0.3150698
23289,0.30047983
23292,0.28425804
23296,0.37882814
23297,0.33518142
23301,0.30570278
23302,0.33741766
23304,0.30847088
23309,0.371071
23312,0.3877768
23316,0.35867086
23321,0.3286655
23342,0.35108006
23344,0.28628471
23350,0.31210506
23367,0.6690608
23368,0.2911823
23374,0.35913762
23387,0.2969819
23389,0.8238284
23399,0.7506021
23403,0.75183
23406,0.965752
23414,0.35417894
23415,0.19321589
23419,0.6780922
23436,0.37305996
23439,0.85136914
23444,0.40525663
23445,0.35970116
23455,0.28222814
23469,0.35544792
23472,0.19294156
23477,0.39426953
23478,0.64880764
23479,0.35474873
23487,0.36030394
23490,0.37724635
23491,0.75987357
23492,0.3109042
23494,0.3469829
23496,0.2925476
23497,0.34143573
23506,0.29313076
23515,0.36741424
23528,0.28411818
23532,0.3128754
23549,0.5436694
23551,0.29076585
23552,0.29076585
23555,0.34280312
23556,0.3397262
23564,0.6780922
23583,0.36993465
23592,0.36405045
23597,0.9526909
23601,0.3169262
23605,0.6606089
23615,0.31726858
23619,0.35635865
23621,0.9576089
23626,0.66976005
23635,0.4163356
23637,0.37295234
23640,0.35987782
23646,0.32043383
23655,0.29244733
23672,0.73499686
23673,0.37493598
23682,0.29313076
23683,0.39141312
23699,0.35867086
23704,0.6793905
23707,0.9662061
23713,0.35970116
23714,0.29313076
23716,0.35078436
23718,0.6542165
23721,0.1767215
23735,0.35970116
23737,0.37796915
23744,0.29185465
23749,0.68525565
23755,0.47870782
23769,0.6967532
23772,0.37492806
23773,0.15728652
23774,0.68525565
23779,0.28425804
23782,0.42712653
23793,0.44713706
23803,0.9635291
23828,0.68525565
23833,0.6967532
23834,0.740135
23844,0.33171803
23845,0.67911667
23852,0.7537981
23855,0.6869953
23867,0.28447866
23872,0.66976005
23874,0.40525663
23880,0.29343912
23886,0.303138
23898,0.35892683
23900,0.31038603
23903,0.23630595
23907,0.3028941
23908,0.7547698
23912,0.30874655
23916,0.27659318
23917,0.36793438
23918,0.32272285
23922,0.37324142
23928,0.32422408
23940,0.66797096
23944,0.49334955
23945,0.38284412
23951,0.28394908
23966,0.31634423
23970,0.31955415
23971,0.3815714
23976,0.6619425
23980,0.32981452
23987,0.96444815
23988,0.29562554
23993,0.3379214
23997,0.2778743
23998,0.32760027
23999,0.8393118
24010,0.6967532
24015,0.68525565
24023,0.3515752
24033,0.3036442
24046,0.6606089
24060,0.38283148
24062,0.34226647
24065,0.6793905
24070,0.358964
24071,0.30161184
24073,0.31514663
24079,0.34573534
24082,0.9646716
24084,0.39716592
24089,0.37696886
24094,0.3557923
24100,0.37295234
24105,0.2969999
24106,0.16309403
24108,0.6967532
24111,0.9673368
24120,0.43287748
24125,0.6726685
24134,0.6606089
24140,0.36993465
24151,0.38443372
24153,0.3172829
24154,0.40525663
24161,0.36774844
24166,0.35780507
24170,0.63022614
24176,0.2921359
24182,0.8557683
24188,0.34312862
24190,0.3394129
24201,0.96474606
24211,0.7540972
24215,0.6967532
24216,0.9662061
24219,0.32322437
24222,0.68525565
24240,0.9670652
24243,0.36216778
24245,0.35577765
24251,0.17686687
24256,0.95619184
24258,0.31813323
24261,0.3839168
24263,0.33882174
24264,0.37295234
24266,0.31501737
24273,0.36606076
24278,0.31450078
24289,0.9654665
24292,0.36993465
24293,0.31955415
24298,0.96474606
24299,0.30964848
24303,0.6932799
24304,0.38950905
24305,0.37796915
24329,0.3758378
24341,0.3360508
24345,0.7481493
24353,0.3162988
24358,0.9662061
24364,0.7328641
24367,0.38950905
24370,0.72474295
24377,0.37607935
24380,0.30548415
24381,0.30408442
24387,0.3448072
24391,0.31856203
24409,0.9635291
24413,0.29604813
24416,0.27852464
24427,0.40296626
24439,0.28961498
24443,0.3084367
24448,0.38950905
24454,0.6273895
24455,0.29204327
24461,0.29271367
24464,0.36597392
24468,0.18858913
24469,0.2974196
24501,0.30581614
24508,0.31275442
24519,0.35970116
24520,0.95947266
24538,0.40656948
24540,0.71563077
24550,0.3036442
24552,0.28050604
24561,0.3204787
24577,0.55351317
24579,0.33016196
24580,0.3447422
24582,0.3112076
24591,0.7055184
24592,0.37796915
24599,0.7150317
24602,0.29604167
24606,0.33835515
24617,0.30857128
24619,0.73345244
24630,0.2558514
24633,0.85838896
24634,0.7055184
24638,0.29857865
24641,0.3815714
24644,0.3701241
24645,0.85136914
24656,0.3515562
24661,0.30126792
24663,0.73297256
24667,0.37607935
24669,0.69900364
24682,0.37598988
24698,0.32590765
24699,0.7552528
24702,0.33986232
24703,0.41608012
24717,0.38691673
24724,0.96989477
24731,0.3209436
24737,0.30903766
24740,0.41021279
24743,0.32381827
24744,0.9673368
24755,0.4190686
24757,0.31580552
24765,0.37486732
24766,0.27851453
24776,0.7481493
24787,0.96070266
24789,0.43752176
24791,0.30552626
24792,0.31716433
24804,0.062249515
24812,0.39468566
24816,0.3371501
24817,0.34710565
24820,0.6986873
24828,0.3839168
24832,0.32694548
24836,0.34075868
24842,0.7521591
24846,0.3269917
24847,0.30314213
24848,0.9673368
24851,0.73143196
24855,0.7481493
24856,0.31368527
24871,0.40780836
24874,0.34954962
24877,0.3434904
24889,0.3290718
24897,0.34962785
24899,0.73143196
24908,0.3076424
24913,0.70719784
24923,0.27718028
24933,0.31919262
24971,0.3294557
24973,0.9673368
24993,0.4163356
24998,0.3885608
25000,0.96150255
25001,0.96150255
25002,0.36606076
25003,0.9673368
25009,0.2958861
25024,0.3062114
25026,0.33283663
25027,0.9642109
25034,0.30628455
25050,0.3453485
25057,0.33521873
25067,0.7479242
25075,0.3918753
25081,0.36375916
25085,0.3724444
25093,0.32422408
25097,0.38443372
25103,0.30796143
25104,0.4087844
25109,0.36606076
25112,0.76599365
25113,0.37402654
25114,0.35272712
25119,0.30645722
25121,0.3385371
25122,0.78008527
25124,0.7037854
25131,0.32644296
25134,0.756731
25144,0.3055383
25147,0.7054208
25148,0.40780836
25149,0.36368725
25155,0.40780836
25169,0.7242663
25177,0.69582003
25178,0.35544792
25179,0.33921176
25180,0.69582003
25191,0.6883323
25199,0.30548415
25232,0.4187548
25241,0.38950905
25242,0.75987357
25243,0.31959984
25246,0.30925635
25259,0.7122795
25265,0.7200758
25278,0.7098471
25280,0.31362474
25284,0.35633928
25286,0.7054208
25288,0.30787888
25318,0.9673368
25330,0.7106212
25333,0.3646437
25339,0.32562947
25340,0.7122795
25346,0.3790491
25349,0.7005958
25351,0.35586345
25361,0.6635128
25366,0.33707213
25368,0.96726763
25369,0.35351732
25370,0.5503218
25375,0.2130277
25376,0.7215686
25377,0.36005995
25379,0.3556535
25382,0.44040594
25386,0.43514013
25389,0.42650917
25399,0.38950905
25400,0.9519567
25401,0.69845
25407,0.30371702
25409,0.30645722
25412,0.38651282
25416,0.28060415
25418,0.37493515
25423,0.33896476
25436,0.37273687
25439,0.36216795
25442,0.36552516
25445,0.96070266
25446,0.3815714
25453,0.26559824
25456,0.40752503
25458,0.4786495
25460,0.386147
25461,0.31955415
25468,0.7782654
25470,0.37273687
25471,0.3316708
25482,0.3701241
25501,0.8504361
25504,0.69582003
25515,0.3055383
25518,0.38443372
25528,0.38240978
25533,0.34284726
25543,0.2869624
25548,0.27624276
25564,0.3316708
25572,0.7258465
25576,0.34554064
25577,0.5503218
25587,0.33932722
25591,0.31215104
25596,0.30857128
25598,0.31955415
25617,0.34856623
25618,0.85136914
25620,0.3226047
25623,0.35842213
25626,0.3162988
25628,0.31955415
25633,0.38284412
25637,0.35544792
25644,0.30628455
25662,0.30074188
25663,0.3885608
25673,0.6939249
25678,0.3452959
25685,0.2998662
25691,0.33477983
25706,0.3437972
25707,0.26804066
25723,0.3709524
25725,0.3720243
25735,0.6887659
25740,0.3062114
25759,0.3580157
25761,0.75126505
25769,0.3034596
25774,0.33726263
25779,0.7037854
25781,0.3815714
25784,0.95947266
25790,0.9179759
25796,0.35970116
25816,0.33282676
25847,0.309414
25850,0.2969696
25852,0.7385762
25856,0.3360508
25866,0.3701241
25867,0.69889086
25868,0.31554058
25869,0.40780836
25877,0.7098471
25878,0.31275442
25890,0.4163356
25898,0.8557683
25899,0.28425804
25906,0.96169394
25907,0.726877
25915,0.95494497
25932,0.7098471
25939,0.37295234
25946,0.7054208
25951,0.6695272
25959,0.3770128
25961,0.35022673
25964,0.36956382
25969,0.28737563
25980,0.34015822
25986,0.32311374
25992,0.19449407
25998,0.30582312
26000,0.4356346
26006,0.3209436
26009,0.31582648
26016,0.4163356
26023,0.9566805
26038,0.42800072
26041,0.34475872
26050,0.33726263
26051,0.9654665
26057,0.38443372
26060,0.09920264
26062,0.36575308
26067,0.96726763
26068,0.3132695
26072,0.38443372
26074,0.76637596
26075,0.35843408
26081,0.7037854
26108,0.7215686
26112,0.966281
26113,0.29313076
26115,0.5240695
26122,0.31489488
26139,0.30556473
26162,0.3906739
26165,0.31368527
26173,0.3437972
26177,0.3578091
26179,0.37273687
26184,0.18189888
26190,0.30548415
26204,0.3758378
26205,0.039514367
26212,0.74462956
26215,0.28795677
26227,0.75183
26232,0.73713917
26237,0.40141797
26246,0.59838027
26248,0.73297256
26249,0.3815714
26260,0.4047622
26263,0.31716618
26267,0.9240741
26269,0.38391975
26271,0.7333801
26273,0.6323851
26286,0.371609
26297,0.32640573
26309,0.3293959
26313,0.29323813
26319,0.38030896
26329,0.32891658
26330,0.71860003
26333,0.37443712
26361,0.847981
26366,0.43697166
26376,0.9600007
26378,0.3793264
26382,0.31362474
26389,0.3647583
26391,0.312464
26401,0.63196135
26415,0.3062114
26419,0.6390193
26421,0.96541125
26422,0.3701241
26423,0.73143196
26424,0.6077095
26441,0.654578
26442,0.3815714
26446,0.75183
26447,0.35544792
26448,0.35544792
26451,0.38950905
26459,0.36368725
26465,0.2831903
26476,0.37796915
26481,0.35633928
26487,0.94314533
26501,0.33160874
26513,0.7165857
26517,0.3265788
26527,0.67272645
26534,0.71563077
26535,0.96138805
26545,0.3515752
26550,0.30827036
26558,0.32422408
26571,0.7323536
26573,0.40236968
26575,0.3701241
26578,0.36929083
26583,0.7869598
26590,0.37321496
26593,0.75126505
26602,0.28050604
26606,0.7161397
26613,0.71563077
26615,0.2978632
26618,0.313226
26628,0.96070266
26630,0.7547088
26635,0.3702314
26645,0.3735151
26648,0.17639922
26651,0.35370305
26660,0.29074207
26663,0.6399008
26664,0.6531077
26665,0.74152565
26673,0.6934606
26675,0.35863405
26676,0.38781565
26677,0.35863405
26679,0.40658078
26687,0.367063
26689,0.4122932
26697,0.36020243
26737,0.7481493
26747,0.9657964
26748,0.3918753
26749,0.3581431
26754,0.9162248
26759,0.36226168
26760,0.7349136
26765,0.29460904
26769,0.28464666
26771,0.33395502
26776,0.33176392
26778,0.3095849
26780,0.32725316
26783,0.17786671
26785,0.32314232
26800,0.31908193
26804,0.3114836
26812,0.3489976
26816,0.32261905
26823,0.7500175
26834,0.39631104
26836,0.7618232
26841,0.7369284
26845,0.3338778
26849,0.3867886
26854,0.6952817
26858,0.38391975
26860,0.20022343
26866,0.28052646
26871,0.16383164
26873,0.50320673
26905,0.3286655
26907,0.3146034
26920,0.64786124
26924,0.3244768
26930,0.313226
26942,0.642965
26944,0.36301726
26949,0.67789656
26952,0.95752
26956,0.38443372
26973,0.32422408
26977,0.36993465
26993,0.6934606
26997,0.3108592
26999,0.6320222
27021,0.35311088
27023,0.38950905
27025,0.041941933
27027,0.37295234
27032,0.62310153
27034,0.30645722
27036,0.5831623
27045,0.32921222
27050,0.31362474
27051,0.7544928
27055,0.36080438
27056,0.37892574
27060,0.36711594
27061,0.7481493
27066,0.7153613
27070,0.3197643
27073,0.21829645
27077,0.78141916
27085,0.38443372
27086,0.3758378
27099,0.3773595
27105,0.3919685
27109,0.35891375
27125,0.32751775
27135,0.45268476
27139,0.63116723
27140,0.928875
27141,0.3209699
27142,0.3495833
27144,0.2958861
27148,0.38950905
27154,0.38443372
27162,0.71563077
27175,0.6218154
27176,0.34880838
27178,0.7175494
27197,0.321403
27204,0.32773143
27205,0.38961032
27206,0.16629824
27207,0.34538516
27216,0.3707918
27230,0.29736242
27234,0.31362474
27241,0.38443372
27249,0.9662061
27251,0.2969819
27252,0.7580805
27256,0.73122895
27257,0.63013804
27263,0.3108592
27268,0.3815714
27269,0.34881887
27276,0.35970116
27279,0.6268402
27288,0.7378673
27295,0.3169262
27299,0.3626267
27302,0.34757066
27304,0.35032126
27316,0.74267614
27318,0.28968355
27330,0.36913586
27333,0.63605917
27335,0.3258112
27339,0.3050872
27341,0.62387115
27342,0.33252993
27345,0.5690966
27347,0.58390534
27354,0.5656534
27361,0.32263115
27375,0.71789145
27387,0.6482436
27390,0.6482436
27392,0.92542243
27399,0.3001275
27403,0.32602122
27410,0.43287748
27423,0.3226047
27429,0.2969819
27432,0.44224223
27436,0.32175627
27437,0.6806601
27441,0.6939249
27444,0.61890334
27445,0.29204327
27448,0.6918472
27454,0.37295234
27459,0.31189534
27465,0.33760753
27478,0.9535371
27479,0.3456112
27481,0.6451285
27483,0.6466688
27486,0.32921222
27498,0.36073548
27505,0.3701241
27507,0.31530967
27509,0.30408442
27514,0.33914185
27527,0.7481493
27535,0.279188
27544,0.3163169
27545,0.32861617
27556,0.31084916
27563,0.36993465
27569,0.3701241
27585,0.6456257
27589,0.3275825
27605,0.36827812
27608,0.73143196
27609,0.35072622
27611,0.28050604
27621,0.6167766
27626,0.71563077
27629,0.35544792
27645,0.7481493
27651,0.32669094
27654,0.38950905
27656,0.7378673
27663,0.7260832
27673,0.29204327
27677,0.32669094
27678,0.3196959
27680,0.35863405
27681,0.40236968
27684,0.36171862
27688,0.30645722
27706,0.34197575
27709,0.34776834
27720,0.3004926
27722,0.34363103
27733,0.6939249
27734,0.6905497
27739,0.31848815
27746,0.4215437
27751,0.8557683
27755,0.37305996
27777,0.6418342
27783,0.32899982
27795,0.35789293
27805,0.3795727
27811,0.3431861
27815,0.33837983
27823,0.32387546
27856,0.37522212
27873,0.40189272
27883,0.34477916
27885,0.7270698
27887,0.795343
27899,0.38600302
27921,0.370086
27924,0.39645103
27927,0.38101327
27929,0.3633412
27932,0.36766204
27943,0.43290597
27945,0.43290597
27952,0.39823204
27957,0.7724155
27960,0.3847263
27966,0.37399375
27968,0.781495
27980,0.7426441
27984,0.33448
27994,0.3715811
27995,0.40507463
28002,0.7718449
28004,0.6556862
28006,0.28862777
28028,0.74890447
28042,0.6949172
28043,0.40752503
28055,0.65019995
28061,0.39141312
28063,0.61719286
28077,0.37402654
28090,0.64757544
28093,0.40229952
28095,0.32450816
28096,0.70418686
28098,0.8557683
28099,0.3119497
28111,0.34294683
28115,0.3907488
28123,0.34596354
28125,0.3815714
28126,0.73297256
28129,0.72391844
28131,0.31210765
28139,0.3372144
28146,0.33676037
28153,0.8197243
28155,0.36911586
28160,0.6316858
28166,0.35970116
28167,0.6340549
28176,0.683463
28185,0.35970116
28187,0.69900364
28195,0.73713917
28203,0.19321589
28206,0.3701241
28209,0.3098678
28210,0.35970116
28211,0.3365362
28216,0.33963227
28234,0.33726263
28235,0.73713917
28248,0.35970116
28255,0.35585275
28266,0.35544792
28277,0.33888188
28286,0.34687865
28288,0.3147333
28289,0.63593286
28290,0.32422408
28296,0.3763833
28300,0.71563077
28306,0.29313076
28307,0.3434904
28309,0.3495833
28327,0.3815714
28336,0.35970116
28345,0.37194738
28355,0.3580157
28361,0.34143573
28362,0.34143573
28374,0.32422408
28380,0.6785421
28381,0.37571433
28393,0.30363303
28394,0.30826822
28405,0.38443372
28413,0.3556535
28426,0.7378673
28428,0.7928465
28429,0.7481493
28442,0.38950905
28445,0.3163169
28457,0.966281
28459,0.70843154
28462,0.38950905
28478,0.28447866
28490,0.37295234
28492,0.35585275
28499,0.17407489
28500,0.40124786
28506,0.73143196
28509,0.35843408
28513,0.33283663
28516,0.34757066
28519,0.9645686
28526,0.3169262
28527,0.29604813
28528,0.7860863
28533,0.34123912
28547,0.32248223
28551,0.3701241
28563,0.38950905
28566,0.38950905
28568,0.36760905
28580,0.35544792
28589,0.34962785
28590,0.7481493
28606,0.35666725
28613,0.34452558
28615,0.29579946
28619,0.39518777
28629,0.62924033
28633,0.33707112
28635,0.7092225
28646,0.31996933
28648,0.6433548
28651,0.30114204
28660,0.72056234
28681,0.40059444
28693,0.639473
28696,0.32940018
28703,0.35157502
28709,0.35666725
28712,0.6663647
28718,0.29988456
28719,0.62037355
28727,0.29278645
28730,0.69965225
28732,0.7312936
28740,0.38849285
28747,0.40059444
28752,0.69266367
28757,0.3709524
28764,0.36316797
28765,0.7029726
28770,0.66035205
28772,0.78964
28783,0.36711594
28786,0.3242857
28796,0.3790491
28799,0.77445275
28806,0.6478678
28807,0.3701241
28815,0.37796915
28818,0.30604675
28823,0.366734
28824,0.56537074
28831,0.9264285
28834,0.6081883
28841,0.30604675
28848,0.71563077
28882,0.62839025
28884,0.34356642
28904,0.35106897
28907,0.31955415
28919,0.32981452
28920,0.65532255
28928,0.29313076
28935,0.11095631
28936,0.34833246
28945,0.3507559
28950,0.7689134
28957,0.6369787
28963,0.19091141
28974,0.3885608
28980,0.38950905
28988,0.58154976
28999,0.30942655
29001,0.61772
29004,0.32045066
29006,0.3464776
29012,0.37796915
29018,0.4163356
29027,0.37210947
29030,0.28189048
29032,0.2911959
29039,0.3440194
29043,0.389919
29056,0.645318
29064,0.73821557
29068,0.3356614
29069,0.31899443
29074,0.28314745
29076,0.3278644
29085,0.35087445
29088,0.7049203
29091,0.32993305
29092,0.5954587
29093,0.32666412
29094,0.54266286
29108,0.68210167
29114,0.31010118
29115,0.2905601
29118,0.2840785
29125,0.3602415
29127,0.73821557
29150,0.25825468
29152,0.147792
29155,0.6593994
29165,0.3098678
29167,0.39141312
29174,0.40752503
29180,0.37295234
29185,0.3701241
29190,0.35544792
29192,0.9645686
29194,0.3613997
29220,0.3790491
29231,0.5692159
29237,0.5683467
29240,0.57279956
29247,0.37224674
29256,0.3750692
29275,0.35942355
29278,0.3609945
29280,0.7457627
29286,0.41477808
29288,0.7240366
29305,0.6837571
29327,0.37486732
29329,0.8309775
29333,0.37683386
29335,0.38836074
29342,0.96877253
29344,0.337507
29353,0.35434762
29358,0.39345476
29373,0.17893137
29392,0.40236968
29393,0.6509473
29395,0.96070266
29403,0.76414967
29405,0.62759686
29410,0.37892574
29423,0.35842213
29427,0.7165857
29429,0.35150176
29432,0.34356642
29440,0.6374838
29447,0.35544792
29448,0.35970116
29452,0.63211656
29455,0.33335885
29461,0.3169262
29466,0.32600668
29474,0.3130189
29476,0.35586345
29486,0.62310153
29494,0.35867086
29497,0.58427083
29505,0.38950905
29511,0.73143196
29516,0.6451285
29522,0.34268388
29523,0.31362474
29524,0.32646483
29529,0.31955415
29533,0.33096358
29535,0.3701241
29548,0.32422408
29551,0.39716592
29563,0.30552626
29574,0.37653744
29575,0.35987782
29592,0.35075402
29599,0.5565557
29608,0.34280667
29613,0.39896494
29620,0.37295234
29630,0.7481493
29637,0.31731385
29638,0.39413208
29643,0.3701241
29648,0.3729116
29657,0.3710912
29659,0.35585275
29662,0.3815714
29665,0.3556535
29699,0.71563077
29706,0.6265275
29715,0.64192307
29716,0.3372144
29717,0.31907922
29721,0.64744765
29731,0.38950905
29735,0.3119497
29739,0.5729184
29742,0.65532255
29747,0.9515399
29749,0.6373557
29754,0.96150255
29773,0.3226047
29777,0.6371778
29779,0.3275825
29783,0.28747174
29786,0.33184394
29805,0.68604857
29811,0.5497031
29812,0.56872207
29815,0.6157799
29819,0.30827036
29833,0.30027908
29847,0.3580157
29854,0.7328641
29856,0.3353823
29859,0.30313143
29864,0.36333483
29865,0.3844255
29867,0.32422408
29885,0.568955
29894,0.3416045
29900,0.3412073
29910,0.6145882
29928,0.35011673
29942,0.29953462
29951,0.4240856
29953,0.398796
29962,0.3174525
29968,0.30572575
29974,0.81921273
29980,0.69467455
29987,0.16708182
29993,0.57573915
30001,0.67881083
30005,0.59286135
30015,0.34397018
30034,0.31781998
30041,0.2969819
30044,0.3517811
30058,0.16236013
30061,0.39141312
30064,0.40236968
30065,0.38443372
30069,0.35544792
30074,0.35843408
30076,0.2528251
30080,0.31551987
30086,0.7540972
30087,0.30604675
30092,0.33932722
30093,0.6869953
30096,0.35863405
30097,0.67911667
30098,0.33249733
30102,0.66797096
30106,0.29300645
30110,0.68795925
30111,0.9576089
30122,0.2981299
30128,0.32921222
30130,0.6853026
30131,0.3434904
30132,0.41580474
30135,0.36080438
30137,0.85136914
30157,0.6967532
30158,0.74835926
30162,0.30721256
30170,0.7336137
30174,0.31445032
30195,0.7094954
30196,0.348615
30204,0.3709524
30207,0.8517556
30209,0.71625257
30212,0.39322394
30221,0.3220413
30225,0.71789145
30229,0.37796915
30231,0.3132695
30233,0.36171862
30237,0.4257441
30239,0.40525663
30242,0.4087844
30244,0.30769354
30249,0.36606076
30262,0.29654756
30286,0.35970116
30292,0.37044498
30303,0.32158685
30320,0.18737277
30322,0.33871186
30355,0.3784742
30356,0.30857393
30372,0.3918753
30375,0.30816188
30379,0.33395883
30384,0.31582916
30386,0.3114836
30394,0.3619937
30395,0.28464666
30396,0.33654043
30397,0.28139862
30402,0.3918753
30413,0.31831244
30416,0.3416451
30420,0.3256343
30422,0.7533588
30432,0.3426887
30434,0.39345476
30438,0.37097266
30444,0.17713849
30446,0.4925788
30455,0.33454257
30457,0.3854875
30459,0.38112187
30463,0.39964828
30468,0.38894662
30477,0.33454257
30478,0.35304847
30481,0.3609945
30482,0.30173573
30487,0.39345476
30491,0.37883595
30496,0.73080105
30501,0.3316708
30506,0.31976843
30511,0.35888162
30513,0.36277923
30516,0.32288313
30520,0.3245242
30531,0.35843408
30542,0.8557683
30555,0.31776464
30557,0.3710912
30568,0.38950905
30570,0.9625854
30584,0.28492996
30594,0.70476377
30614,0.36080438
30617,0.31096154
30618,0.7537981
30631,0.35585275
30632,0.3169262
30634,0.6939249
30636,0.30827036
30637,0.30081573
30639,0.32520172
30647,0.32921222
30649,0.279188
30656,0.31351036
30660,0.2934969
30665,0.3169262
30669,0.34123912
30681,0.45268476
30683,0.73955256
30687,0.76599365
30694,0.5389698
